﻿<?xml version="1.0" encoding="UTF-8"?>
<LanguageData>

  <!-- Royal titles -->
  <!-- EN: {TITLE} title lost: {PAWN_labelShort} -->
  <LetterLabelLostRoyalTitle>NL: {TITLE} titel verloren: {PAWN_labelShort} </LetterLabelLostRoyalTitle>
  <!-- EN: {TITLE} title gained: {PAWN_labelShort} -->
  <LetterLabelGainedRoyalTitle>NL: {TITLE} titel verkregen: {PAWN_labelShort} </LetterLabelGainedRoyalTitle>

  <!-- EN: This title requires apparel of {1} quality or better. -->
  <LetterRoyalTitleApparelQualityRequirement>NL: Deze titel heeft kledij nodig van kwaliteit {1} of beter. </LetterRoyalTitleApparelQualityRequirement>
  <!-- EN: This title requires apparel appropriate to {PAWN_possessive} title: -->
  <LetterRoyalTitleApparelRequirement>NL: Deze titel heeft kledij nodig, bijpassende {PAWN_possessive} title: </LetterRoyalTitleApparelRequirement>
  <!-- EN: {PAWN_possessive} expectations will never be less than {1}. -->
  <LetterRoyalTitleExpectation>NL: {PAWN_possessive} verwachtingen zullen niet dalen onder {1}. </LetterRoyalTitleExpectation>
  
  <!-- EN: Because {PAWN_labelShort} is {1}, {PAWN_pronoun} will demand that this title's privileges be fully respected. 
{PAWN_pronoun} may refuse to do certain work types, eat low-class food and will issue decrees. -->
  <LetterRoyalTitleConceitedTrait>NL: Omdat {PAWN_labelShort}nu {1} is, zal {PAWN_pronoun} eisen dat zijn privileges volledig gerespecteerd worden. 
{PAWN_pronoun} mag weigeren bepaalde typen werk te doen, voedsel van de lagere klassen eten en zal decreten uitvaardigen. </LetterRoyalTitleConceitedTrait>

  <!-- EN: {PAWN_labelShort} recieved the title of {TITLE} from {FACTION_name}! -->
  <LetterGainedRoyalTitle>NL: {PAWN_labelShort} ontving de titel van {TITLE} der {FACTION_name}! </LetterGainedRoyalTitle>
  <!-- EN: {PAWN_labelShort} no longer holds the title of {TITLE} with {FACTION_name}. -->
  <LetterLostRoyalTitle>NL: {PAWN_labelShort} heeft niet langer de titel van {TITLE} bij {FACTION_name}. </LetterLostRoyalTitle>
  <!-- EN: Title rewards -->
  <LetterLabelRewardsForNewTitle>NL: Titel domeinen </LetterLabelRewardsForNewTitle>
  <!-- EN: To honor {PAWN_labelShort} advancing to the title of {TITLE}, {FACTION_name} has sent {PAWN_objective} following reward(s): -->
  <LetterRewardsForNewTitle>NL: Ter ere van het stijgen naar de titel van {TITLE} door {PAWN_labelShort}, heeft {FACTION_name} {PAWN_objective} de volgende domein(en) verzonden: </LetterRewardsForNewTitle>
  <!-- EN: Rewards have arrived to your colony via transport pods. -->
  <LetterRewardsForNewTitleDeliveryBase>NL: Domein is aangekomen in uw kolonie per transport pod. </LetterRewardsForNewTitleDeliveryBase>
  <!-- EN: Rewards were delivered directly to {PAWN_labelShort}'s inventory. -->
  <LetterRewardsForNewTitleDeliveryDirect>NL: Bijbehorend domein werd direct bezorgd naar de inventaris van {PAWN_labelShort}. </LetterRewardsForNewTitleDeliveryDirect>

  <!-- EN: {PAWN_pronoun} has these permissions: -->
  <LetterRoyalTitlePermits>{PAWN_pronoun} had de volgende permissies: </LetterRoyalTitlePermits>
  <!-- EN: {PAWN_pronoun} lost these permissions: -->
  <LetterRoyalTitleLostPermits>NL: {PAWN_pronoun} verloor de volgende permissies: </LetterRoyalTitleLostPermits>

  <!-- EN: {PAWN_pronoun} is not willing to do these work types:\n{1} -->
  <LetterRoyalTitleDisabledWorkTag>NL: {PAWN_pronoun} is niet bereid de volgende werktypen te doen: {1} </LetterRoyalTitleDisabledWorkTag>

  <!-- EN: {PAWN_pronoun} can now use this recreation: -->
  <LetterRoyalTitleEnabledJoyKind>NL: {PAWN_pronoun} is nu in staat te gebruiken: </LetterRoyalTitleEnabledJoyKind>
  <!-- EN: This title forbids using this recreation: -->
  <LetterRoyalTitleDisabledJoyKind>NL: Deze titel verbiedt het gebruik van de volgende recreatie: </LetterRoyalTitleDisabledJoyKind>

  <!-- EN: {PAWN_pronoun} is allowed to use these implants:{1} -->
  <LetterRoyalTitleAllowedImplants>NL: Het is {PAWN_pronoun} toegestaan de volgende implantaten te gebruiken{1} </LetterRoyalTitleAllowedImplants>
  <!-- EN: {PAWN_pronoun} is no longer allowed to use these implants:{1} -->
  <LetterRoyalTitleImplantsMustBeRemoved>NL: het is {PAWN_pronoun} niet langer toegestaan de volgende implantaten te gebruiken:{1} </LetterRoyalTitleImplantsMustBeRemoved>
  <!-- EN: The implants must be extracted within a five-day grace period to avoid diplomatic consequences. -->
  <LetterRoyalTitleImplantGracePeriod>NL: De implantaties zullen binnen een verlenging van vijf dagen verwijderd moeten worden om een diplomatiek conflict te voorkomen. </LetterRoyalTitleImplantGracePeriod>
  <!-- EN: {PAWN_pronoun} can now give speeches from the throne. If it goes well, listeners will feel inspired. If it goes poorly, the speech will do social damage. The outcome depends on {PAWN_labelShort}'s social abilities. -->
  <LetterRoyalTitleSpeechAbilityGained>NL: {PAWN_pronoun} heeft nu de mogelijkheid toespraken te geven vanaf de troon. Mocht alles goed gaan, zullen de luisteraars zich geïnspireerd voelen. Gaat alles mis, dan zal de speech sociale schade opleveren. De uitkomst hangt af van {PAWN_labelShort}'s sociale kundes.</LetterRoyalTitleSpeechAbilityGained>
  <!-- EN: This title requires a throneroom that meets these requirements:{1} -->
  <LetterRoyalTitleThroneroomRequirements>NL: Deze titel heeft een troonzaal nodig met de volgende eisen:{1} </LetterRoyalTitleThroneroomRequirements>
  <!-- EN: This title requires a bedroom that meets these requirements:{1} -->
  <LetterRoyalTitleBedroomRequirements>NL: Deze titel heeft een slaapkamer nodig met volgende eisen:{1} </LetterRoyalTitleBedroomRequirements>
  <!-- EN: This title says that {PAWN_pronoun} should only eat these foods:{1} -->
  <LetterRoyalTitleFoodRequirements>NL: Deze titel geeft aan dat {PAWN_pronoun} alleen de volgende typen voedsel zou moeten eten:{1} </LetterRoyalTitleFoodRequirements>

  <!-- EN: {PAWN_pronoun} will receive the following items via transport pod:{1} -->
  <LetterRoyalTitleRewardGranted>NL: {PAWN_pronoun} zal de volgende items per transport pod ontvangen:{1} </LetterRoyalTitleRewardGranted>
  <!-- EN: {PAWN_labelShort} has gained {1} {FACTION_royalFavorLabel} from {FACTION_name}. -->
  <PeaceTalksRoyalFavorGain>NL: {PAWN_labelShort} heeft verkregen: {1} {FACTION_royalFavorLabel} afkomst {FACTION_name}. </PeaceTalksRoyalFavorGain>

  <!-- Royal heritage-->
	<!-- NL: Adellijk erfgoed-->
  <!-- EN: If {PAWN_pronoun} dies, this title will be inherited by {HEIR_nameFull}. -->
  <LetterRoyalTitleHeir>NL: Wanneer {PAWN_pronoun} sterft, zal deze titel overgaan naar {HEIR_nameFull}. </LetterRoyalTitleHeir>
  <!-- EN: If {PAWN_pronoun} dies, no one will inherit this title. -->
  <LetterRoyalTitleNoHeir>NL: Wanneer {PAWN_pronoun} sterft, zal niemand deze titel erven. </LetterRoyalTitleNoHeir>
  <!-- EN: {PAWN_nameFull} is a member of {FACTION_name}. -->
  <LetterRoyalTitleHeirFactionWarning>NL: {PAWN_nameFull} is onderdeel van {FACTION_name} </LetterRoyalTitleHeirFactionWarning>
  <!-- EN: A new heir can be chosen by contacting {FACTION_name} through a comms console. -->
  <LetterRoyalTitleChangingHeir>NL: Een nieuwe erfgenaam kan gekozen worden door contact op te nemen met {FACTION_name} via een comms console. </LetterRoyalTitleChangingHeir>
  <!-- EN: Heir lost -->
  <LetterTitleHeirLostLabel>NL: Erfgenaam verloren </LetterTitleHeirLostLabel>
  <!-- EN: {HEIR_nameFull} has died, leaving {HOLDER_labelShort} with no heir for the title recieved from {FACTION_name}. You can contact {FACTION_name} through a comms console to designate a new heir. -->
  <LetterTitleHeirLost>NL: {HEIR_nameFull} is gestorven, dit laat {HOLDER_labelShort} zonder erfgenaam voor de titel ontvangen van {FACTION_name}. U kunt {FACTION_name} bereiken via een comms console om een nieuwe erfgenaam voor te dragen. </LetterTitleHeirLost>
  <!-- EN: The title of {TITLE} cannot be inherited. -->
  <LetterRoyalTitleCantBeInherited>NL: Men kan de titel van {TITLE} niet erven. </LetterRoyalTitleCantBeInherited>

  <!-- EN: Title inheritance -->
  <LetterTitleInheritance>Titel erving</LetterTitleInheritance>
  <!-- EN: Since {PAWN_nameFull} died, {PAWN_possessive} titles have been transferred to {PAWN_possessive} heirs according to the laws of the title-granting factions. -->
  <LetterTitleInheritance_Base>NL: Vanwege de dood van {PAWN_nameFull}, zijn de titels van {PAWN_pronoun} overgegaan op de erven van {PAWN_possessive}, zoals bedoeld, wet en regelgeving, titel-bedelende fracties. </LetterTitleInheritance_Base>
  <!-- EN: {PAWN_possessive} {TITLE} title was inherited by {HEIR_nameFull}, according to the succession laws of {FACTION_name}. It replaced {HEIR_possessive} {REPLACEDTITLE} title. -->
  <LetterTitleInheritance_AsReplacement>NL: {HEIR_nameFull} erft de titel {TITLE}, zoals bedoeld, de opvolgingswetten der {FACTION_name}. Het vervangt {HEIR_possessive} titel {REPLACEDTITLE} </LetterTitleInheritance_AsReplacement>
  <!-- EN: {PAWN_possessive} {TITLE} title would have been inherited by {HEIR_nameFull} according to the succession laws of {FACTION_name}, but {HEIR_pronoun} already had a {HIGHERTITLE} title. -->
  <LetterTitleInheritance_NoEffectHigherTitle>NL: {PAWN_possessive} {HEIR_nameFull} zou erven, de titel {TITLE}, zoals bedoeld, de opvolgingswetten der {FACTION_name}, echter {HEIR_pronoun} had reeds de titel {HIGHERTITLE}. </LetterTitleInheritance_NoEffectHigherTitle>
  <!-- EN: {PAWN_possessive} {TITLE} title was inherited by {HEIR_nameFull} according to the succession laws of {FACTION_name}. -->
  <LetterTitleInheritance_WasInherited>NL: {HEIR_nameFull} erft de titel {TITLE}, zoals bedoeld, opvolgingswetten der {FACTION_name}. </LetterTitleInheritance_WasInherited>
  <!-- EN: {PAWN_possessive} {TITLE} title was not inherited by anyone, since {PAWN_pronoun} had no designated heir for this title. -->
  <LetterTitleInheritance_NoHeirFound>NL: Niemand erft de titel {TITLE} {PAWN_possessive}, {PAWN_pronoun} heeft niemand benoemd voor deze titel. </LetterTitleInheritance_NoHeirFound>

  <!-- Royal implant violations -->
  <!-- EN: Lawbreaker: {PAWN_labelShort} -->
  <LetterLawViolationDetectedLabel>NL: Wetbreker: {PAWN_labelShort} </LetterLawViolationDetectedLabel>
  <!-- EN: {FACTION_name} has detected {PAWN_labelShort}'s illegal use of: {CULPRIT} (detection chance {CHANCE}).\n\nAccording to the laws of {FACTION_name}, only those who hold the title of {TITLE} are allowed to use {CULPRIT}.\n\nAs a penalty, your faction relations have fallen by {GOODWILL}. -->
  <LetterLawViolationDetectedForbiddenThingUse>NL: {FACTION_name} heeft het illegale gebruik van {PAWN_labelShort} geregistreerd: {CULPRIT} (detectie kans {CHANCE}). Volgens de wetten van {FACTION_name}, zijn slechts houders van de titel {TITLE} bevoegd gebruik te maken van {CULPRIT}. Als straf zijn uw fracties relaties vervallen met {GOODWILL}. </LetterLawViolationDetectedForbiddenThingUse>

  <!-- Throne Speech -->
  <!-- EN: {ORGANIZER_labelShort} has finished {ORGANIZER_possessive} speech. -->
  <LetterFinishedSpeech>NL: {ORGANIZER_labelShort} is klaar met {ORGANIZER_posessive} toespraak. </LetterFinishedSpeech>
  <!-- EN: It was truly atrocious - halting, full of awkward jokes and depressing stories. -->
  <LetterTerribleSpeech>NL: Dit was werkelijk afzichtelijk - blokkerend, vol van ongemakkelijke grapjes en depressieve verhalen. </LetterTerribleSpeech>
  <!-- EN: It was uninspiring - unoriginal, droning and lacking any sense of passion. -->
  <LetterUninspiringSpeech>NL: Dit was niet inspirerend - niet origineel, saai en het ontbrak aan elke passie </LetterUninspiringSpeech>
  <!-- EN: It was encouraging and well-delivered. -->
  <LetterEncouragingSpeech>NL: Dit was aanmoedigend en goed gebracht. </LetterEncouragingSpeech>
  <!-- EN: It was remarkably inspiring, full of intensity and purpose. -->
  <LetterInspirationalSpeech>NL: Dit was merkwaardig inspirerend, vol van intensiteit en doelstelling. </LetterInspirationalSpeech>
  <!-- EN: Because the speech was interrupted after only {0} completed, it wasn't as effective. -->
  <LetterSpeechInterrupted>NL: Doordat de toespraak werd onderbroken na slechts {0}, was het niet erg effectief. </LetterSpeechInterrupted>
  <!-- EN: {ORGANIZER_bestRoyalTitleDef}'s speech was cancelled before reaching 50% completion. It had no effect. -->
  <LetterSpeechCancelled>NL: {ORGANIZER_bestRoyalTitleDef}'s toespraak werd beëindigd voordat deze voor 50% voltooid was. Het had geen effect. </LetterSpeechCancelled>
  <!-- EN: Speech cancelled -->
  <LetterLabelSpeechCancelled>NL: Toespraak geannuleerd </LetterLabelSpeechCancelled>

  <!-- Wild decree mental break -->
  <!-- EN: Wild decree -->
  <WildDecree>NL: Wild decreet </WildDecree>
  <!-- EN: {0_nameIndef} issues decree -->
  <LetterLabelRandomDecree>NL: {0_nameIndef} problematiek decreet</LetterLabelRandomDecree>
  <!-- EN: {0_nameIndef}, in an attempt to release {0_possessive} stress, has issued a wild royal decree and is now demanding that it be carried out.
    \nIf it isn't carried out in good time, {0_nameIndef} will become very unhappy. -->
  <LetterDecreeMentalBreak>NL: {0_nameIndef}, in een poging {0_possessive}stress te laten gaan, is er een wild adellijk besluit genomen, welke nu uitvoering eist. Wordt het niet in de juiste tijd uitgevoerd, zal {0_nameIndef} zeer ontevreden zijn. </LetterDecreeMentalBreak>
  <!-- EN: {0_nameIndef}, in order to affirm {0_possessive} title of {0_bestRoyalTitleIndef}, has issued a decree and is now demanding that it be carried out.
    \nIf it isn't carried out in good time, {0_nameIndef} will become very unhappy. -->
  <LetterRandomDecree>NL: {0_nameIndef}, voor {0_possessive} uit naam van {0_bestRoyalTitleIndef}, het decreet is uitgevaardigd, de eis is, dat het uitgevoerd wordt. Wordt het decreet niet uitgevaardigd, zal {0_nameIndef} zeer ontevreden zijn. </LetterRandomDecree>
  <!-- EN: The decree is titled "{0}". -->
  <LetterDecree_Quest>NL: Het decreet luidt "{0}". </LetterDecree_Quest>
  
  <!-- Lent colonist died -->
  <!-- EN: {PAWN_nameDef} was lent to {FACTION}. They will return the body of {PAWN_nameDef} shortly. -->
  <LentColonistDied>NL: {PAWN_nameDef} werd uitgeleend aan {FACTION}. Het lichaam van {PAWN_nameDef} zal spoedig door hen geretourneerd worden. </LentColonistDied>  

  <!-- Psylink -->
  <!-- EN: Psylink gained -->
  <LetterLabelPsylinkLevelGained>NL: Psylink verkregen </LetterLabelPsylinkLevelGained>
  <!-- EN: {USER_labelShort} has gained {USER_possessive} first level of psylink! {USER_pronoun} is now a psycaster.\n\nTo use psycasts, {USER_labelShort} must build up psyfocus through meditation. The effectiveness of this meditation is increased if the person can focus on a specific object while meditating.\n\nDifferent people are able to focus on different objects. This depend on the person's backstories, traits, and titles. For example:\n\n- Psycasters with royal titles meditate on their thrones.\n- Psycasters with tribal childhoods meditate to anima trees and nature shrines.\n- Ascetic psycasters meditate to blank walls.\n- Psychopathic psycasters meditate to graves, ideally with a loved one inside.\n\nYou can see someone's meditation focus types by looking at their info card with the 'i' button. -->
  <LetterPsylinkLevelGained_First>NL: {USER_labelShort} heeft {USER_possessive} eerste level psylink verkregen! {USER_pronoun} is nu een psywerper. Om psyworpen te gebruiken, heeft {USER_labelShort} meditatie nodig van het type uplink. De effectiviteit van deze meditatie is beter wanneer de persoon op een bepaald object kan focussen tijdens de meditatie. Verschillende mensen kunnen focussen op verschillende objecten. Dit hangt af van de achtergrond van de persoon, zowel als gekoppelde kenmerken en titels. Bijvoorbeeld: Psywerpers met adellijke titels, uplinken op hun tronen. Psywerpers met tribal jeugd, uplinken op animabomen en natuurlijke uplink plaatsen. Ascetieke psywerpers uplinken naar blanke muren. Psychopathetische psywerpers uplinken naar graven, preferabel met een geliefde daar in. </LetterPsylinkLevelGained_First>
  <!-- EN: {USER_labelShort} has gained a new level of psylink! {USER_pronoun} can now use psycasts of that higher level, but {USER_pronoun} needs to learn them first. -->
  <LetterPsylinkLevelGained_NotFirst>NL: {USER_labelShort} heeft een nieuw level psylink! {USER_pronoun} kan nu psywerpen op dit level, maar {USER_pronoun} heeft ze nog wel te leren. </LetterPsylinkLevelGained_NotFirst>
  <!-- EN: Upon gaining the new psylink level, {USER_labelShort} automatically learned this psycast: {2}. -->
  <LetterPsylinkLevelGained_PsycastLearned>NL: Bij het bereiken van een nieuw psylink level, heeft {USER_labelShort} de volgende psyworp geleerd: {2}. </LetterPsylinkLevelGained_PsycastLearned>

</LanguageData>
