﻿<?xml version="1.0" encoding="UTF-8"?>
<LanguageData>
  
  <!-- EN: Minimum title ({FACTION_name}) -->
  <Stat_Thing_MinimumRoyalTitle_Name>NL: Minimumtitel ({FACTION_name}) </Stat_Thing_MinimumRoyalTitle_Name>
  <!-- EN: {FACTION_name} has laws which limit the use of this implant to those with specific titles. Simply having the implant installed is undetectable, but if you use it, there is a chance they will detect the psychic emissions. This will cause diplomatic consequences. -->
  <Stat_Thing_MinimumRoyalTitle_Desc>NL: {FACTION_name} heeft wetten die het gebruik van dit implantaat reguleren voor gebruik door mensen met bepaalde titels. Wanneer het implantaat geïnstalleerd is, is dat niet detecteerbaar. Bij gebruik is er een kans dat de psychische straling gedetecteerd wordt. Dit zal diplomatieke gevolgen hebben. </Stat_Thing_MinimumRoyalTitle_Desc>
  <!-- EN: {FACTION_name} has laws which limit the use of this weapon to those with specific titles. Each time you attack with the weapon, there is a chance they will detect the psychic emissions. This will cause diplomatic consequences. -->
  <Stat_Thing_Weapon_MinimumRoyalTitle_Desc>NL: {FACTION_name} heeft wetten die het gebruik van dit wapen reguleren voor gebruik door mensen met specifieke titels. Wanneer dit wapen gebruikt wordt om aan te vallen, is er een kans dat psychische straling gedetecteerd wordt. Dit zal diplomatieke gevolgen hebben. </Stat_Thing_Weapon_MinimumRoyalTitle_Desc>
  <!-- EN: Each upgrade level of this implant requires a specific title in {FACTION_name} to be used legally. -->
  <Stat_Thing_MinimumRoyalTitle_ImplantWithLevel_Desc>NL: Elk level van dit implantaat vereist een specifieke titel bij {FACTION_name} om legaal gebruikt te worden. </Stat_Thing_MinimumRoyalTitle_ImplantWithLevel_Desc>
  <!-- EN: Max satisfied title -->
  <Stat_Thing_Apparel_MaxSatisfiedTitle>NL: Max voldaan titel </Stat_Thing_Apparel_MaxSatisfiedTitle>
  <!-- EN: Highest royal title whose apparel requirements are satisfied by this. -->
  <Stat_Thing_Apparel_MaxSatisfiedTitle_Desc>NL: Hoogste adellijke titel door aan kledingvereisten te voldoen door kledingstuk. </Stat_Thing_Apparel_MaxSatisfiedTitle_Desc>
  <!-- EN: Max satisfied title -->
  <Stat_Thing_Ingestible_MaxSatisfiedTitle>NL: Max voldaan titel </Stat_Thing_Ingestible_MaxSatisfiedTitle>
  <!-- EN: The highest royal title whose food requirements are satisfied by this. -->
  <Stat_Thing_Ingestible_MaxSatisfiedTitle_Desc>NL: Hoogste adellijke titel waarvan de dieetvereisten worden voldaan door dit eten. </Stat_Thing_Ingestible_MaxSatisfiedTitle_Desc>
  
</LanguageData>
