﻿<?xml version="1.0" encoding="UTF-8"?>
<LanguageData>

  <!-- Royal Titles -->
  <!-- EN: The amount of {FACTION_royalFavorLabel} that your negotiator will personally receive as a result of this deal. -->
  <RoyalFavorDescription>NL: De hoeveelheid {FACTION_royalFavorLabel} die de onderhandelaar persoonlijk zal ontvangen als gevolg van deze deal. </RoyalFavorDescription>
  <!-- EN: Required apparel -->
  <RoyalTitleTooltipRequiredApparel>NL: Kledingvereisten </RoyalTitleTooltipRequiredApparel>
  <!-- EN: Minimum apparel quality -->
  <RoyalTitleTooltipRequiredApparelQuality>NL: Minimale kledingkwaliteit </RoyalTitleTooltipRequiredApparelQuality>
  <!-- EN: Bedroom requirements -->
  <RoyalTitleTooltipBedroomRequirements>NL: Slaapkamervereisten </RoyalTitleTooltipBedroomRequirements>
  <!-- EN: Throneroom requirements -->
  <RoyalTitleTooltipThroneroomRequirements>NL: Troonzaalvereisten </RoyalTitleTooltipThroneroomRequirements>
  <!-- EN: Title privileges -->
  <RoyalTitleTooltipPermits>NL: Titelprivileges</RoyalTitleTooltipPermits>
  <!-- EN: room area: {0} tiles -->
  <RoomRequirementArea>NL: kameroppervlakte: {0} tegels </RoomRequirementArea>
  <!-- EN: room impressiveness -->
  <RoomRequirementImpressiveness>NL: kamerindrukwekkendheid </RoomRequirementImpressiveness>
  <!-- EN: all floored -->
  <RoomRequirementAllFloored>NL: volledig bevloerd </RoomRequirementAllFloored>
  <!-- EN: all braziers must be lit -->
  <RoomRequirementAllBraziersMustBeLit>NL: alle korven moeten aangestoken zijn </RoomRequirementAllBraziersMustBeLit>
  <!-- EN: all fine floored -->
  <RoomRequirementAllFineFloored>NL: volledig fijn bevloerd </RoomRequirementAllFineFloored>
  <!-- EN: no work facilities allowed -->
  <RoomRequirementNoProductionFacilities>NL: geen werkfaciliteiten toegestaan </RoomRequirementNoProductionFacilities>
  <!-- EN: no beds allowed -->
  <RoomRequirementNoBeds>NL: geen bedden toegestaan </RoomRequirementNoBeds>
  <!-- EN: Holders of this title must be covered in some combination of -->
  <RoyalTitleRequiredApparelStatDescription>NL: Titelhouders moeten worden bedekt in een combinatie van </RoyalTitleRequiredApparelStatDescription>
  <!-- EN: Any prestige armor -->
  <ApparelRequirementAnyPrestigeArmor>NL: Elk prestigeniveau harnas </ApparelRequirementAnyPrestigeArmor>
  <!-- EN: Any psycaster apparel -->
  <ApparelRequirementAnyPsycasterApparel>NL: Elke psycaster kleding </ApparelRequirementAnyPsycasterApparel>
  <!-- EN: Disallowed work types -->
  <DisabledWorkTypes>NL: Niet toegestane werkzaamheden </DisabledWorkTypes>
  <!-- EN: Allowed foods -->
  <RoyalTitleRequiredMeals>NL: Dieetvereisten </RoyalTitleRequiredMeals>
  <!-- EN: A holder of this title will only eat these foods, unless they are starving or on a caravan. -->
  <RoyalTitleRequiredMealsDesc>NL: Een titelhouder zal dit dieet strikt volgen, tenzij ze uitgehongerd zijn of deel uitmaken van een karavaan. </RoyalTitleRequiredMealsDesc>

  <!-- Royal implants -->
  <!-- EN: According to laws of {FACTION_name}, one must have the title of {TITLE} to legally use a {IMPLANT}.\n\n{VIOLATIONTRIGGER}, 
there is a chance {FACTION_name} will detect its psychic signature. This will lead to diplomatic consequences. -->
  <RoyalImplantIllegalUseWarning>NL: Volgens de wetten van {FACTION_name}, is minstens de titel {TITLE} benodigd om legaal een {IMPLANT} te gebruiken.\n\n{VIOLATIONTRIGGER}, 
er is een kans dat {FACTION_name} de psychische signatuur detecteert. Dit zal diplomatieke gevolgen hebben. </RoyalImplantIllegalUseWarning>
  <!-- EN: Install this implant anyway? -->
  <RoyalImplantInstallConfirmation>NL: Implantaat toch implanteren? </RoyalImplantInstallConfirmation>
  <!-- EN: Upgrade this implant anyway? -->
  <RoyalImplantUpgradeConfirmation>NL: Implantaat toch upgraden? </RoyalImplantUpgradeConfirmation>

  <!-- Royal weapons -->
  <!-- EN: Once bonded to a wielder, the weapon's persona will refuse to be wielded by anyone else. -->
  <BladelinkEquipWarning>NL: Wanneer dit wapen eenmaal een band met de gebruiker heeft opgebouwd, zal de wapenpersona geen andere gebruikers meer accepteren.</BladelinkEquipWarning>
  <!-- EN: Are you sure you want to equip this item? -->
  <RoyalWeaponEquipConfirmation>NL: Weet je zeker dat je dit voorwerp wilt gebruiken? </RoyalWeaponEquipConfirmation>
  
  <!-- Psycasts -->
  <!-- EN: Target is psychically deaf. -->
  <AbilityTargetPsychicallyDeaf>NL: Doelwit is doof. </AbilityTargetPsychicallyDeaf>
  <!-- EN: This is illegal for {PAWN_labelShort}. Requires {TITLE} title. -->
  <PsycastIsIllegal>NL: Dit is illegaal voor {PAWN_labelShort}. Vereist {TITLE} titel. </PsycastIsIllegal>

  <!-- Warning -->
  <!-- EN: This quest will reward {FACTION_royalFavorLabel} and thus royal titles for {PAWN_labelShort}. -->
  <QuestGivesRoyalFavor>NL: Deze opdracht zal {FACTION_royalFavorLabel} en dus adellijke titels voor {PAWN_labelShort} opleveren. </QuestGivesRoyalFavor>
  <!-- EN: {PAWN_labelShort} is incapable of social tasks. Those with royal titles have great need of social skills, so if {PAWN_labelShort} gains a title, {PAWN_pronoun} may have a difficult time. Another colonist might be more socially-adept. -->
  <RoyalIncapableOfSocial>NL: {PAWN_labelShort} kan geen sociale taken uitvoeren. Adellijke titelhouders moeten goede sociale vaardigheden bezitten, dus als {PAWN_labelShort} een titel zal krijgen, zou {PAWN_pronoun} het best wel eens moeilijk kunnen krijgen. Een andere kolonist is misschien sociaal sterker. </RoyalIncapableOfSocial>
  <!-- EN: Since {PAWN_labelShort} is {2}, {PAWN_pronoun} will demand that the title's privileges be fully respected. {PAWN_labelShort} may refuse to do certain work types or eat low-class food, and will issue decrees. Another colonist would probably be more flexible. -->
  <RoyalWithConceitedTrait>NL: Omdat {PAWN_labelShort} {2} is, zal {PAWN_pronoun} eisen dat de titelprivileges volledig gerespecteerd worden. {PAWN_labelShort} kan bepaald werk of slecht eten weigeren, en zal besluiten uitvaardigen. Een andere kolonist zou zich waarschijnlijk flexibeler opstellen. </RoyalWithConceitedTrait>
  <!-- EN: Since {PAWN_labelShort} is {2}, the psylink might not be useful for {PAWN_objective}. -->
  <RoyalWithTraitAffectingPsylinkNegatively>NL: Omdat {PAWN_labelShort} een {2} is, is psylink misschien niet nuttig voor {PAWN_objective}. </RoyalWithTraitAffectingPsylinkNegatively>
  <!-- EN: {PAWN_labelShort}'s psylink is not at a high enough level to use {ABILITY}.\n\nGain the psycast anyways? -->
  <PsylinkTooLowForGainAbility>NL: {PAWN_labelShort}'s psylink is niet op een hoog genoeg niveau om {ABILITY} te kunnen gebruiken. Verkies toch de psyuitzending? </PsylinkTooLowForGainAbility>

</LanguageData>
