﻿<?xml version="1.0" encoding="UTF-8"?>
<LanguageData>

  <!-- Character tab -->
  <!-- EN: {PAWN_labelShort} currently has the title {TITLE}, awarded by {FACTION_name}. -->
  <RoyalTitleTooltipHasTitle>NL: {PAWN_labelShort} heeft op dit moment de titel {TITLE}, toegekend door {FACTION_name}. </RoyalTitleTooltipHasTitle>
  <!-- EN: {PAWN_labelShort} will demand that this title's privileges be fully respected. -->
  <RoyalTitleTooltipConceited>NL: {PAWN_labelShort} zal eisen dat de privileges behorende deze titel volledig gerespecteerd zullen worden. </RoyalTitleTooltipConceited>
  <!-- EN: {PAWN_labelShort} is flexible about this title's privileges. -->
  <RoyalTitleTooltipNonConceited>NL: {PAWN_labelShort} is flexibel betreffende de privileges behorende deze titel. </RoyalTitleTooltipNonConceited>
  <!-- EN: Next title -->
  <RoyalTitleTooltipNextTitle>NL: Volgende titel </RoyalTitleTooltipNextTitle>
  <!-- EN: costs {0} {FACTION_royalFavorLabel} -->
  <RoyalTitleTooltipNextTitleFavorCost>NL: kosten {0} {FACTION_royalFavorLabel} </RoyalTitleTooltipNextTitleFavorCost>
  <!-- EN: No more earnable titles on this planet. -->
  <RoyalTitleTooltipFinalTitle>NL: Op deze planeet valt niets meer te verdienen. </RoyalTitleTooltipFinalTitle>
  <!-- EN: If {PAWN_nameDef} dies, {HEIR_nameFull} is designated to inherit {PAWN_possessive} title. -->
  <RoyalTitleTooltipInheritance>NL: Wanneer {PAWN_nameDef} sterft, zal {HEIR_nameFull} aangewezen worden {PAWN_possessive} titel met bijbehorende domeinen te erven. </RoyalTitleTooltipInheritance>
  <!-- EN: {HEIR_nameFull} is not a member of any faction. -->
  <RoyalTitleTooltipHeirNoFaction>NL: {HEIR_nameFull} is geen lid van een fractie. </RoyalTitleTooltipHeirNoFaction>
  <!-- EN: {HEIR_nameFull} is a member of {FACTION_name}. -->
  <RoyalTitleTooltipHeirDifferentFaction>NL: {HEIR_nameFull} behoort tot de fractie {FACTION_name}. </RoyalTitleTooltipHeirDifferentFaction>
  <!-- EN: No one is designated to inherit {PAWN_nameDef}'s title. If {PAWN_pronoun} dies, the title will be lost. -->
  <RoyalTitleTooltipNoHeir>NL: Niemand is aangewezen de titel van {PAWN_nameDef} te erven. Wanneer {PAWN_pronoun} sterft, zal de titel verloren gaan. </RoyalTitleTooltipNoHeir>
  <!-- EN: Earnable titles of {FACTION_name} -->
  <RoyalTitleTooltipTitlesEarnable>NL: Te verdienen titels der {FACTION_name} </RoyalTitleTooltipTitlesEarnable>
  <!-- EN: Other titles of {FACTION_name} -->
  <RoyalTitleTooltipTitlesNonEarnable>NL: Andere titels der {FACTION_name} </RoyalTitleTooltipTitlesNonEarnable>
  <!-- EN: {0} {1} -->
  <RoyalTitleTooltipRoyalFavorAmount>NL: {0} {1} </RoyalTitleTooltipRoyalFavorAmount>
  <!-- EN: {0} total -->
  <RoyalTitleTooltipRoyalFavorTotal>NL: {0} totaal </RoyalTitleTooltipRoyalFavorTotal>

  <!-- EN: Royal title offset -->
  <RecruitmentValueOffsetRoyal>NL: Adellijke titel uiteenzetting </RecruitmentValueOffsetRoyal>
  <!-- EN: Royal title factor -->
  <RecruitmentValueFactorRoyal>NL: Adellijke titel factor </RecruitmentValueFactorRoyal>
  
</LanguageData>
