﻿<?xml version="1.0" encoding="UTF-8"?>
<LanguageData>

  <!-- Royalty and throne -->
  <!-- EN: Appropriate for title: {0} -->
  <ThroneTitleStature>NL: Geschikt voor titel: {0}</ThroneTitleStature>
  <!-- EN: Previous title satisfied: {0} -->
  <ThronePrevTitleStature>NL: Vorige titel stelt tevreden: {0}</ThronePrevTitleStature>
  <!-- EN: Next title satisfied: {0} -->
  <ThroneNextTitleStature>NL: Volgende titel stelt tevreden: {0}</ThroneNextTitleStature>
  <!-- EN: ({0} impressiveness) -->
  <ThroneRoomImpressivenessInfo>NL: ({0} indrukwekkendheid)</ThroneRoomImpressivenessInfo>
  <!-- EN: Throne must be placed indoors. -->
  <ThroneMustBePlacedInside>NL: Troon moet binnen gezet worden.</ThroneMustBePlacedInside>
  <!-- EN: Minimum title ({FACTION_name}): {TITLE} -->
  <MinimumRoyalTitleInspectString>NL: Minimale titel ({FACTION_name}): {TITLE}</MinimumRoyalTitleInspectString>
  <!-- EN: Trading here requires title: {0} -->
  <RequiresTradePermission>NL: Ruilen behoeft titel: {0}</RequiresTradePermission>
  <!-- EN: Personal bedroom (partner allowed) -->
  <RequirementPersonalBedroom>NL: Persoonlijke slaapkamer (partner toegestaan)</RequirementPersonalBedroom>
  
  <!-- Generated neurotrainers -->
  <!-- EN: psytrainer ({0}) -->
  <PsycastNeurotrainerLabel>NL: psytrainer ({0})</PsycastNeurotrainerLabel>
  <!-- EN: Use neurotrainer to learn {0} psycast -->
  <PsycastNeurotrainerUseLabel>NL: Gebruik neurotrainers om {0} psyworpen te leren</PsycastNeurotrainerUseLabel>
  <!-- EN: A one-use super-dose of mechanites which trains a specific psycast.\n\nThe dose is administered through the orbit of the eye. Once released into the brain, the mechanites form knowledge of a specific psycast ability, transmuting themselves into neural tissue as needed. -->
  <PsycastNeurotrainerDescription>NL: Een voor eenmalig te gebruiken super-dosis mechanieten welke trainen op een specifieke psyworp. De dosis wordt toegediend door de baan van het oog. Wanneer in het brein, zullen de mechanieten kennis van een spcifieke psyworp verkrijgen, zichzelf in het neurale netwerk laten opnemen zoals nodig.</PsycastNeurotrainerDescription>
  <!-- EN: {USER_labelShort} used neurotrainer to learn the {1} psycast. -->
  <AbilityNeurotrainerUsed>NL: {USER_labelShort} neurotrainer gebruikt om psyworp {1} te leren.</AbilityNeurotrainerUsed>
  <!-- EN: Requires psylink -->
  <PsycastNeurotrainerNoPsylink>NL: Uplink nodig</PsycastNeurotrainerNoPsylink>
  <!-- EN: {USER_labelShort} already knows {1}. -->
  <PsycastNeurotrainerAbilityAlreadyLearned>NL: {USER_labelShort} weet reeds {1}.</PsycastNeurotrainerAbilityAlreadyLearned>

  <!-- EN: whoever accepted the quest will receive {1} {0_royalFavorLabel} from {0_name} -->
  <Reward_RoyalFavor>NL: wie deze queste accepteerd, zal ontvangen {1} {0_royalFavorLabel} van {0_name}</Reward_RoyalFavor>
  <!-- EN: you may choose one of the participating {2} to receive {1} {0_royalFavorLabel} from {0_name} -->
  <Reward_RoyalFavor_ChoosePawn>NL: u mag kiezen uit een van de deelnemenden {2} om te verkrijgen {1} {0_royalFavorLabel} van {0_name}</Reward_RoyalFavor_ChoosePawn>
  
  <!-- Ship landing beacons -->
  <!-- EN: Not usable -->
  <NotUsable>NL: Onbruikbaar</NotUsable>
  <!-- EN: unpowered -->
  <Unpowered>NL: onaangedreven</Unpowered>
  <!-- EN: blocked by roof -->
  <BlockedByRoof>NL: dakblokkade</BlockedByRoof>
  <!-- EN: Too close to other beacon -->
  <TooCloseToOtherBeacon>NL: Te dicht op andere baak</TooCloseToOtherBeacon>
  
  <!-- Meditation -->

  <!-- EN: Psyfocus -->
  <Psyfocus>Upfocus</Psyfocus>
  <!-- EN: Psyfocus is a special type of mental structuring which is necessary to perform psycasts. Psyfocus dissipates over time, and must be built by regular meditation. Losing all psyfocus makes someone unable to perform psycasts, but has no other consequences.\n\nHigher levels of psyfocus permit higher-level psycasts, but also increase the rate of psyfocus dissipation. -->
  <PsyfocusDesc>NL: Upfocus is een speciaal type mentale structurering die nodig is om psyworpen te doen. Upfocus vervalt met de tijd en moet met regelmatige meditatie onderhouden worden. Alle upfocus verliezen maakt het iemand onmogelijk bepaalde psyworpen te doen, maar heeft geen andere consequenties. Hogere levels van upfocus maken hogere levels van psyworpen mogelijk, maar vermeerden ook hoe upfocus in diffuus uiteen valt.</PsyfocusDesc>
  <!-- EN: {0}-{1}% -->
  <PsyfocusLevelInfoRange>NL: {0}-{1}%</PsyfocusLevelInfoRange>
  <!-- EN: Up to level {0} psycasts. -->
  <PsyfocusLevelInfoPsycasts>NL: Tot aan level {0} psyworpen</PsyfocusLevelInfoPsycasts>
  <!-- EN: Psyfocus falls at {0} per day. -->
  <PsyfocusLevelInfoFallRate>NL: Upfocus valt {0} per dag.</PsyfocusLevelInfoFallRate>
  <!-- EN: Meditation focus strength for {LASTUSER_labelShort} -->
  <UserMeditationFocusStrength>NL: Meditatie focus kracht duur {LASTUSER_labelShort}</UserMeditationFocusStrength>
  <!-- EN: Focus effect impacted by -->
  <MeditationFocusImpacted>NL: Focus effect geraakt door</MeditationFocusImpacted>
  <!-- EN: Psyfocus gain rate: {0}/d -->
  <PsyfocusPerDayOfMeditation>NL: Upfocus verkrijging {0}/d</PsyfocusPerDayOfMeditation>
  <!-- EN: Desired psyfocus -->
  <DesiredPsyfocus>NL: Gewenste upfocus</DesiredPsyfocus>
  <!-- EN: Click to set desired psyfocus. -->
  <DesiredPsyfocusDesc>NL: Klik om gewenste upfocus te krijgen</DesiredPsyfocusDesc>

  <!-- Abilities -->
  <!-- EN: must be drafted. -->
  <AbilityDisabledUndrafted>NL: Militaire functie.</AbilityDisabledUndrafted>
  <!-- EN: ability on cooldown. It will be available in {0}. -->
  <AbilityOnCooldown>NL: functie aan het afkoelen. Zal klaar zijn over {0}.</AbilityOnCooldown>
  <!-- EN: ability already queued. -->
  <AbilityAlreadyQueued>NL: functie staat al klaar.</AbilityAlreadyQueued>
  <!-- EN: no heat to dump. -->
  <AbilityNoEntropyToDump>NL: geen hitte te dumpen.</AbilityNoEntropyToDump>
  <!-- EN: Ability ready: {0} -->
  <AbilityReadyLabel>NL: Functie klaar: {0}</AbilityReadyLabel>
  <!-- EN: {0_nameDef} is ready to use {1}. -->
  <AbilityReadyText>NL {0_nameDef} is klaar voor gebruik {1}.</AbilityReadyText>
  
  <!-- EN: Initiate a speech from the throne. {ORGANIZER_labelShort} will go to {ORGANIZER_possessive} throne and call all colonists to listen to a speech there. If all goes well, listeners will feel inspired, and gain respect for {ORGANIZER_labelShort}. If it goes poorly, the speech will do social damage. The outcome depends on {ORGANIZER_labelShort}'s social abilities. -->
  <AbilitySpeechTooltip>NL: Begin een toespraak vanaf de troon.{ORGANIZER_labelShort} zal naar {ORGANIZER_possessive} troon gaan om alle kolonisten bijeen te brengen om te luisteren naar de toespraak aldaar. Mocht alles goed gaan, zullen de luisteraars zich geïnspireerd voelen en respect krijgen voor {ORGANIZER_labelShort}. Mocht alles falen, zal de toespraak sociale schade toebrengen. De uitkomst hangt af van {ORGANIZER_labelShort}'s sociale vaardigheden.</AbilitySpeechTooltip>
  <!-- EN: no throne assigned. -->
  <AbilitySpeechDisabledNoThroneAssigned>NL: geen troon toegewezen</AbilitySpeechDisabledNoThroneAssigned>
  <!-- EN: throne is not accessible. -->
  <AbilitySpeechDisabledNoThroneIsNotAccessible>NL: troon is niet bereikbaar</AbilitySpeechDisabledNoThroneIsNotAccessible>
  <!-- EN: throne not usable because it is undignified. -->
  <AbilitySpeechDisabledNoThroneUndignified>NL: troon is niet te gebruiken omdat het niet staat</AbilitySpeechDisabledNoThroneUndignified>
  <!-- EN: already giving a speech. -->
  <AbilitySpeechDisabledAlreadyGivingSpeech>NL: is al een toespraak aan het houden</AbilitySpeechDisabledAlreadyGivingSpeech>
  <!-- EN: Next speech ready in -->
  <AbilitySpeechCooldown>NL: Volgende toespraak klaar over</AbilitySpeechCooldown>
  <!-- EN: Outcome chances -->
  <AbilitySpeechPossibleOutcomes>NL: Uitkomst kansen</AbilitySpeechPossibleOutcomes>
  <!-- EN: {ORGANIZER_labelShort}'s {1} stat -->
  <AbilitySpeechStatInfo>NL: {ORGANIZER_labelShort}'s {1} stat</AbilitySpeechStatInfo>

  <!-- EN: Progress to next {0}: {1} -->
  <ProgressToNextSubplant>NL: Voortgang to volgende {0}: {1}</ProgressToNextSubplant>
  <!-- EN: Begin linking ritual -->
  <BeginLinkingRitualFloatMenu>NL: Begin uplink ritueel</BeginLinkingRitualFloatMenu>
  <!-- EN: Need {0} {1} here (have {2}) -->
  <BeginLinkingRitualNeedSubplants>NL: Nodig {0} {1} hier (heb {2})</BeginLinkingRitualNeedSubplants>
  <!-- EN: Need {0} pyslink focus -->
  <BeginLinkingRitualNeedFocus>NL: Nodig {0} psylink focus</BeginLinkingRitualNeedFocus>
  <!-- EN: Need a free, reachable spot within 3 cells for linking -->
  <BeginLinkingRitualNeedLinkSpot>NL: Heeft nodig, vrij bereikbare plaats binnen 3 blokken om de uplink te beginnen</BeginLinkingRitualNeedLinkSpot>
  <!-- EN: Linking ritual completed -->
  <LetterLabelLinkingRitualCompleted>NL: Uplink ritueel geslaagd</LetterLabelLinkingRitualCompleted>
  <!-- EN: {PAWN_labelShort} has completed the linking ritual with {LINKABLE_labelShort}.\n\n{PAWN_pronoun} now has an upgraded psylink, permitting the use of new psycasts. -->
  <LetterTextLinkingRitualCompleted>NL: {PAWN_labelShort} heeft het uplink ritueel volbracht met {LINKABLE_labelShort}.{PAWN_pronoun} heeft nu een verbeterde psylink, met de mogelijkheden tot nieuwe psyworpen.</LetterTextLinkingRitualCompleted>
</LanguageData>
