﻿<?xml version="1.0" encoding="UTF-8"?>
<LanguageData>

  <!-- EN: {0_labelShort} is unconscious. -->
  <CommandDisabledUnconscious>NL: {0_labelShort} is bewusteloos. </CommandDisabledUnconscious>
  
  <!-- Heritage -->
  <!-- EN: Choose a new heir for {HOLDER_nameIndef}: -->
  <ChooseHeir>NL: Kies een nieuwe erfgenaam voor {HOLDER_nameIndef}: </ChooseHeir>
  <!-- EN: You're about to change the heir of the title {HOLDER_nameIndef} recieved from {0_name}. This requires building a monument in a limited time, to consecrate the new inheritance. -->
  <MakeHeirConfirm>NL: U gaat een wijziging maken in de opvolging van de titel {HOLDER_nameIndef}, ontvangen van {0_name}. Dit benodigd het bouwen van een monument in een beperkte hoeveelheid tijd, vanwege het inzegenen van de nieuwe erfenis. </MakeHeirConfirm>
  <!-- EN: This will upset {HOLDER_possessive} current heir {HEIR_nameFull}. -->
  <MakeHeirPreviousHeirWarning>NL: Dit zal {HOLDER_possessive} druk maken over de huidige opvolger {HEIR_nameFull}. </MakeHeirPreviousHeirWarning>

  <!-- Call royal aid -->
  <!-- EN: Call royal aid -->
  <CommandCallRoyalAid>NL: Inroepen adellijk hulp</CommandCallRoyalAid>
  <!-- EN: Call for military aid using a special royal permit.\n\nEach type of aid may be used for free once, after which you must wait to use it for free again. You can use the aid more frequently, but it costs royal favor to do so. -->
  <CommandCallRoyalAidDesc>NL: Roep militaire hulp in met gebruik van een adellijke akte. Elk type hulp mag eenmalig vrij gebruikt worden, waarna een wachttijd ingaat om wederom vrij gebruik te maken. U kunt vaker gebruik maken van de adellijke hulp, echter, dit kost een adellijke dienst.</CommandCallRoyalAidDesc>
  <!-- EN: Guests will not use their royal aid. -->
  <CommandCallRoyalAidLodger>NL: Gasten zullen hun adellijke hulp niet gebruiken. </CommandCallRoyalAidLodger>
  <!-- EN: Your relations with {FACTION_name} are hostile. -->
  <CommandCallRoyalAidFactionHostile>NL: Uw relaties met {FACTION_name} zijn vijandig. </CommandCallRoyalAidFactionHostile>
  <!-- EN: Free -->
  <CommandCallRoyalAidFreeOption>NL: Vrij </CommandCallRoyalAidFreeOption>
  <!-- EN: {0} days left, costs {1} {FACTION_royalFavorLabel} -->
  <CommandCallRoyalAidFavorOption>NL: {0} dagen over, kosten {0} </CommandCallRoyalAidFavorOption>

  <!-- Abilities -->
  <!-- EN: Neural heat would overflow. Disable the neural heat limiter to cast. -->
  <CommandPsycastWouldExceedEntropy>NL: Neurale hitte zou overvloeien. Schakel de neurale hitte limiteerder uit om te werpen. </CommandPsycastWouldExceedEntropy>
  <!-- EN: {PSYCASTNAME} consumes {0} psyfocus but {CASTERNAME} only has {1}. -->
  <CommandPsycastNotEnoughPsyfocus>NL: {PSYCASTNAME} consumes {0} upfocus, maar {CASTERNAME} heeft slechts {1} </CommandPsycastNotEnoughPsyfocus>
  <!-- EN: level {0} psylink is required. -->
  <CommandPsycastHigherLevelPsylinkRequired>NL: level {0} psylink benodigd. </CommandPsycastHigherLevelPsylinkRequired>
  <!-- EN: Zero psychic sensitivity. -->
  <CommandPsycastZeroPsychicSensitivity>NL: Nul psychische sensitiviteit. </CommandPsycastZeroPsychicSensitivity>
  <!-- EN: Ability user is unconscious. -->
  <CommandPsycastPawnIsUnconscious>NL: Mogelijkheid gebruiker is onbewust. </CommandPsycastPawnIsUnconscious>
  <!-- EN: Need at least {0} psyfocus to cast this. -->
  <CommandPsycastLowPsyfocus>NL: Minstens {0} upfocus nodig dit te werpen. </CommandPsycastLowPsyfocus>
  <!-- EN: H -->
  <NeuralHeatLetter>NL: H </NeuralHeatLetter>
  <!-- EN: P -->
  <PsyfocusLetter>NL: P </PsyfocusLetter>

  <!-- Select monument marker -->
  <!-- EN: Select monument -->
  <CommandSelectMonumentMarker>NL: Pak monument</CommandSelectMonumentMarker>
  <!-- EN: Select the monument marker this belongs to. -->
  <CommandSelectMonumentMarkerDesc>NL: Selecteer de monumentstift aan wie deze toebehoort.</CommandSelectMonumentMarkerDesc>

  <!-- Warn in building radius -->
  <!-- EN: Build radius warning -->
  <CommandWarnInBuildingRadius>NL: Bouw radius waarschuwing </CommandWarnInBuildingRadius>
  <!-- EN: If enabled, this object will draw a red line to buildings you are placing using the architect menu, if they would interfere with meditation due to being too close.
\n\nYou can turn this off if you don't intend to use this for meditation. -->
  <CommandWarnInBuildingRadiusDesc>NL: Aan? Dit object zal een rode lijn tekenen naar gebouwen die u plaats via het architect menu, mochten ze te dicht op een uplink komen te staan. 
U kunt dit uit zetten als u dit niet wenst te gebruiken voor uplink. </CommandWarnInBuildingRadiusDesc>
  
</LanguageData>
