﻿<?xml version="1.0" encoding="UTF-8"?>
<LanguageData>
  
  <!-- EN: fine granite tile -->
  <FineTileGranite.label>TODO</FineTileGranite.label>
  <!-- EN: Exquisite stone tiles, made with no compromises, for expressing economic status. Slow to construct. -->
  <FineTileGranite.description>TODO</FineTileGranite.description>
  
  <!-- EN: fine limestone tile -->
  <FineTileLimestone.label>TODO</FineTileLimestone.label>
  <!-- EN: Exquisite stone tiles, made with no compromises, for expressing economic status. Slow to construct. -->
  <FineTileLimestone.description>TODO</FineTileLimestone.description>
  
  <!-- EN: fine marble tile -->
  <FineTileMarble.label>TODO</FineTileMarble.label>
  <!-- EN: Exquisite stone tiles, made with no compromises, for expressing economic status. Slow to construct. -->
  <FineTileMarble.description>TODO</FineTileMarble.description>
  
  <!-- EN: fine sandstone tile -->
  <FineTileSandstone.label>TODO</FineTileSandstone.label>
  <!-- EN: Exquisite stone tiles, made with no compromises, for expressing economic status. Slow to construct. -->
  <FineTileSandstone.description>TODO</FineTileSandstone.description>
  
  <!-- EN: fine slate tile -->
  <FineTileSlate.label>TODO</FineTileSlate.label>
  <!-- EN: Exquisite stone tiles, made with no compromises, for expressing economic status. Slow to construct. -->
  <FineTileSlate.description>TODO</FineTileSlate.description>
  
</LanguageData>