﻿<?xml version="1.0" encoding="UTF-8"?>
<LanguageData>
  
  <!-- EN: fine burgundy carpet -->
  <CarpetFineBurgundy.label>TODO</CarpetFineBurgundy.label>
  <!-- EN: Classic burgundy carpet for that classic rich look. -->
  <CarpetFineBurgundy.description>TODO</CarpetFineBurgundy.description>
  
  <!-- EN: fine indigo carpet -->
  <CarpetFineIndigo.label>TODO</CarpetFineIndigo.label>
  <!-- EN: Soft and silky indigo carpet, for that extra sense of pomp. -->
  <CarpetFineIndigo.description>TODO</CarpetFineIndigo.description>
  
  <!-- EN: fine white carpet -->
  <CarpetFineWhite.label>TODO</CarpetFineWhite.label>
  <!-- EN: Sublime white carpet, glimmering with subtle patterns. -->
  <CarpetFineWhite.description>TODO</CarpetFineWhite.description>
  
</LanguageData>