﻿<?xml version="1.0" encoding="UTF-8"?>
<LanguageData>
  
  <!-- EN: install drill arm -->
  <InstallDrillArm.label>TODO</InstallDrillArm.label>
  <!-- EN: Install a drill arm. -->
  <InstallDrillArm.description>TODO</InstallDrillArm.description>
  <!-- EN: Installing drill arm. -->
  <InstallDrillArm.jobString>TODO</InstallDrillArm.jobString>
  
  <!-- EN: install elbow blade -->
  <InstallElbowBlade.label>TODO</InstallElbowBlade.label>
  <!-- EN: Install an elbow blade. -->
  <InstallElbowBlade.description>TODO</InstallElbowBlade.description>
  <!-- EN: Installing elbow blade. -->
  <InstallElbowBlade.jobString>TODO</InstallElbowBlade.jobString>
  
  <!-- EN: install field hand -->
  <InstallFieldHand.label>TODO</InstallFieldHand.label>
  <!-- EN: Install a field hand. -->
  <InstallFieldHand.description>TODO</InstallFieldHand.description>
  <!-- EN: Installing field hand. -->
  <InstallFieldHand.jobString>TODO</InstallFieldHand.jobString>
  
  <!-- EN: install hand talon -->
  <InstallHandTalon.label>TODO</InstallHandTalon.label>
  <!-- EN: Install a hand talon. -->
  <InstallHandTalon.description>TODO</InstallHandTalon.description>
  <!-- EN: Installing hand talon. -->
  <InstallHandTalon.jobString>TODO</InstallHandTalon.jobString>
  
  <!-- EN: install knee spike -->
  <InstallKneeSpike.label>TODO</InstallKneeSpike.label>
  <!-- EN: Install a knee spike. -->
  <InstallKneeSpike.description>TODO</InstallKneeSpike.description>
  <!-- EN: Installing knee spike. -->
  <InstallKneeSpike.jobString>TODO</InstallKneeSpike.jobString>
  
  <!-- EN: install mindscrew -->
  <InstallMindscrew.label>TODO</InstallMindscrew.label>
  <!-- EN: Install a mindscrew. -->
  <InstallMindscrew.description>TODO</InstallMindscrew.description>
  <!-- EN: Installing mindscrew. -->
  <InstallMindscrew.jobString>TODO</InstallMindscrew.jobString>
  
  <!-- EN: install venom fangs -->
  <InstallVenomFangs.label>TODO</InstallVenomFangs.label>
  <!-- EN: Install venom fangs. -->
  <InstallVenomFangs.description>TODO</InstallVenomFangs.description>
  <!-- EN: Installing venom fangs. -->
  <InstallVenomFangs.jobString>TODO</InstallVenomFangs.jobString>
  
  <!-- EN: install venom talon -->
  <InstallVenomTalon.label>TODO</InstallVenomTalon.label>
  <!-- EN: Install a venom talon. -->
  <InstallVenomTalon.description>TODO</InstallVenomTalon.description>
  <!-- EN: Installing venom talon. -->
  <InstallVenomTalon.jobString>TODO</InstallVenomTalon.jobString>
  
  <!-- EN: remove elbow blade -->
  <RemoveElbowBlade.label>TODO</RemoveElbowBlade.label>
  <!-- EN: Remove elbow blade. -->
  <RemoveElbowBlade.description>TODO</RemoveElbowBlade.description>
  <!-- EN: Removing elbow blade. -->
  <RemoveElbowBlade.jobString>TODO</RemoveElbowBlade.jobString>
  
  <!-- EN: remove hand talon -->
  <RemoveHandTalon.label>TODO</RemoveHandTalon.label>
  <!-- EN: Remove hand talon. -->
  <RemoveHandTalon.description>TODO</RemoveHandTalon.description>
  <!-- EN: Removing hand talon. -->
  <RemoveHandTalon.jobString>TODO</RemoveHandTalon.jobString>
  
  <!-- EN: remove knee spike -->
  <RemoveKneeSpike.label>TODO</RemoveKneeSpike.label>
  <!-- EN: Remove knee spike. -->
  <RemoveKneeSpike.description>TODO</RemoveKneeSpike.description>
  <!-- EN: Removing knee spike. -->
  <RemoveKneeSpike.jobString>TODO</RemoveKneeSpike.jobString>
  
  <!-- EN: remove venom fangs -->
  <RemoveVenomFangs.label>TODO</RemoveVenomFangs.label>
  <!-- EN: Remove venom fangs. -->
  <RemoveVenomFangs.description>TODO</RemoveVenomFangs.description>
  <!-- EN: Removing venom fangs. -->
  <RemoveVenomFangs.jobString>TODO</RemoveVenomFangs.jobString>
  
  <!-- EN: remove venom talon -->
  <RemoveVenomTalon.label>TODO</RemoveVenomTalon.label>
  <!-- EN: Remove venom talon. -->
  <RemoveVenomTalon.description>TODO</RemoveVenomTalon.description>
  <!-- EN: Removing venom talon. -->
  <RemoveVenomTalon.jobString>TODO</RemoveVenomTalon.jobString>
  
</LanguageData>