﻿<?xml version="1.0" encoding="UTF-8"?>
<LanguageData>
  
  <!-- EN: install psychic harmonizer -->
  <InstallPsychicHarmonizer.label>TODO</InstallPsychicHarmonizer.label>
  <!-- EN: Install a psychic harmonizer. -->
  <InstallPsychicHarmonizer.description>TODO</InstallPsychicHarmonizer.description>
  <!-- EN: Installing psychic harmonizer. -->
  <InstallPsychicHarmonizer.jobString>TODO</InstallPsychicHarmonizer.jobString>
  
  <!-- EN: install psychic reader -->
  <InstallPsychicReader.label>TODO</InstallPsychicReader.label>
  <!-- EN: Install a psychic reader. -->
  <InstallPsychicReader.description>TODO</InstallPsychicReader.description>
  <!-- EN: Installing psychic reader. -->
  <InstallPsychicReader.jobString>TODO</InstallPsychicReader.jobString>
  
  <!-- EN: install psychic sensitizer -->
  <InstallPsychicSensitizer.label>TODO</InstallPsychicSensitizer.label>
  <!-- EN: Install a psychic sensitizer. -->
  <InstallPsychicSensitizer.description>TODO</InstallPsychicSensitizer.description>
  <!-- EN: Installing psychic sensitizer. -->
  <InstallPsychicSensitizer.jobString>TODO</InstallPsychicSensitizer.jobString>
  
  <!-- EN: remove psychic harmonizer -->
  <RemovePsychicHarmonizer.label>TODO</RemovePsychicHarmonizer.label>
  <!-- EN: Remove psychic harmonizer. -->
  <RemovePsychicHarmonizer.description>TODO</RemovePsychicHarmonizer.description>
  <!-- EN: Removing psychic harmonizer. -->
  <RemovePsychicHarmonizer.jobString>TODO</RemovePsychicHarmonizer.jobString>
  
  <!-- EN: remove psychic reader -->
  <RemovePsychicReader.label>TODO</RemovePsychicReader.label>
  <!-- EN: Remove psychic reader. -->
  <RemovePsychicReader.description>TODO</RemovePsychicReader.description>
  <!-- EN: Removing psychic reader. -->
  <RemovePsychicReader.jobString>TODO</RemovePsychicReader.jobString>
  
  <!-- EN: remove psychic sensitizer -->
  <RemovePsychicSensitizer.label>TODO</RemovePsychicSensitizer.label>
  <!-- EN: Remove psychic sensitizer. -->
  <RemovePsychicSensitizer.description>TODO</RemovePsychicSensitizer.description>
  <!-- EN: Removing psychic sensitizer. -->
  <RemovePsychicSensitizer.jobString>TODO</RemovePsychicSensitizer.jobString>
  
</LanguageData>