﻿<?xml version="1.0" encoding="UTF-8"?>
<LanguageData>
  
  <!-- EN: psychic harmonizer -->
  <PsychicHarmonizer.label>TODO</PsychicHarmonizer.label>
  <!-- EN: An installed psychic harmonizer implant. -->
  <PsychicHarmonizer.description>TODO</PsychicHarmonizer.description>
  <!-- EN: a psychic harmonizer -->
  <PsychicHarmonizer.labelNoun>TODO</PsychicHarmonizer.labelNoun>
  
  <!-- EN: psychic reader -->
  <PsychicReader.label>TODO</PsychicReader.label>
  <!-- EN: An installed psychic reader implant. -->
  <PsychicReader.description>TODO</PsychicReader.description>
  <!-- EN: a psychic reader -->
  <PsychicReader.labelNoun>TODO</PsychicReader.labelNoun>
  
  <!-- EN: psychic sensitizer -->
  <PsychicSensitizer.label>TODO</PsychicSensitizer.label>
  <!-- EN: An installed psychic sensitizer implant. -->
  <PsychicSensitizer.description>TODO</PsychicSensitizer.description>
  <!-- EN: a psychic sensitizer -->
  <PsychicSensitizer.labelNoun>TODO</PsychicSensitizer.labelNoun>
  
</LanguageData>