﻿<?xml version="1.0" encoding="UTF-8"?>
<LanguageData>
  
  <!-- EN: aesthetic nose -->
  <AestheticNose.label>TODO</AestheticNose.label>
  <!-- EN: An installed aesthetic nose. -->
  <AestheticNose.description>TODO</AestheticNose.description>
  <!-- EN: an aesthetic nose -->
  <AestheticNose.labelNoun>TODO</AestheticNose.labelNoun>
  
  <!-- EN: aesthetic shaper -->
  <AestheticShaper.label>TODO</AestheticShaper.label>
  <!-- EN: An installed aesthetic shaper. -->
  <AestheticShaper.description>TODO</AestheticShaper.description>
  <!-- EN: an aesthetic shaper -->
  <AestheticShaper.labelNoun>TODO</AestheticShaper.labelNoun>
  
  <!-- EN: armorskin gland -->
  <ArmorskinGland.label>TODO</ArmorskinGland.label>
  <!-- EN: An installed armorskin gland. -->
  <ArmorskinGland.description>TODO</ArmorskinGland.description>
  <!-- EN: a armorskin gland -->
  <ArmorskinGland.labelNoun>TODO</ArmorskinGland.labelNoun>
  
  <!-- EN: circadian assistant -->
  <CircadianAssistant.label>TODO</CircadianAssistant.label>
  <!-- EN: An installed circadian assistant. -->
  <CircadianAssistant.description>TODO</CircadianAssistant.description>
  <!-- EN: a circadian assistant -->
  <CircadianAssistant.labelNoun>TODO</CircadianAssistant.labelNoun>
  
  <!-- EN: circadian half-cycler -->
  <CircadianHalfCycler.label>TODO</CircadianHalfCycler.label>
  <!-- EN: An installed circadian half-cycler. -->
  <CircadianHalfCycler.description>TODO</CircadianHalfCycler.description>
  <!-- EN: a circadian half-cycler -->
  <CircadianHalfCycler.labelNoun>TODO</CircadianHalfCycler.labelNoun>
  
  <!-- EN: coagulator -->
  <Coagulator.label>TODO</Coagulator.label>
  <!-- EN: An installed coagulator implant. -->
  <Coagulator.description>TODO</Coagulator.description>
  <!-- EN: a coagulator -->
  <Coagulator.labelNoun>TODO</Coagulator.labelNoun>
  
  <!-- EN: detoxifier stomach -->
  <DetoxifierStomach.label>TODO</DetoxifierStomach.label>
  <!-- EN: An installed detoxifier stomach. -->
  <DetoxifierStomach.description>TODO</DetoxifierStomach.description>
  <!-- EN: a detoxifier stomach -->
  <DetoxifierStomach.labelNoun>TODO</DetoxifierStomach.labelNoun>
  
  <!-- EN: gastro-analyzer -->
  <GastroAnalyzer.label>TODO</GastroAnalyzer.label>
  <!-- EN: An installed gastro-analyzer. -->
  <GastroAnalyzer.description>TODO</GastroAnalyzer.description>
  <!-- EN: a gastro-analyzer -->
  <GastroAnalyzer.labelNoun>TODO</GastroAnalyzer.labelNoun>
  
  <!-- EN: healing enhancer -->
  <HealingEnhancer.label>TODO</HealingEnhancer.label>
  <!-- EN: An installed healing enhancer implant. -->
  <HealingEnhancer.description>TODO</HealingEnhancer.description>
  <!-- EN: a healing enhancer -->
  <HealingEnhancer.labelNoun>TODO</HealingEnhancer.labelNoun>
  
  <!-- EN: immunoenhancer -->
  <Immunoenhancer.label>TODO</Immunoenhancer.label>
  <!-- EN: An installed immunoenhancer. -->
  <Immunoenhancer.description>TODO</Immunoenhancer.description>
  <!-- EN: an immunoenhancer -->
  <Immunoenhancer.labelNoun>TODO</Immunoenhancer.labelNoun>
  
  <!-- EN: learning assistant -->
  <LearningAssistant.label>TODO</LearningAssistant.label>
  <!-- EN: An installed learning assistant. -->
  <LearningAssistant.description>TODO</LearningAssistant.description>
  <!-- EN: a learning assistant -->
  <LearningAssistant.labelNoun>TODO</LearningAssistant.labelNoun>
  
  <!-- EN: love enhancer -->
  <LoveEnhancer.label>TODO</LoveEnhancer.label>
  <!-- EN: An installed love enhancer. -->
  <LoveEnhancer.description>TODO</LoveEnhancer.description>
  <!-- EN: a love enhancer -->
  <LoveEnhancer.labelNoun>TODO</LoveEnhancer.labelNoun>
  
  <!-- EN: neurocalculator -->
  <Neurocalculator.label>TODO</Neurocalculator.label>
  <!-- EN: An installed neurocalculator. -->
  <Neurocalculator.description>TODO</Neurocalculator.description>
  <!-- EN: a neurocalculator -->
  <Neurocalculator.labelNoun>TODO</Neurocalculator.labelNoun>
  
  <!-- EN: nuclear stomach -->
  <NuclearStomach.label>TODO</NuclearStomach.label>
  <!-- EN: An installed nuclear stomach. -->
  <NuclearStomach.description>TODO</NuclearStomach.description>
  <!-- EN: a nuclear stomach -->
  <NuclearStomach.labelNoun>TODO</NuclearStomach.labelNoun>
  
  <!-- EN: reprocessor stomach -->
  <ReprocessorStomach.label>TODO</ReprocessorStomach.label>
  <!-- EN: An installed reprocessor stomach. -->
  <ReprocessorStomach.description>TODO</ReprocessorStomach.description>
  <!-- EN: a reprocessor stomach -->
  <ReprocessorStomach.labelNoun>TODO</ReprocessorStomach.labelNoun>
  
  <!-- EN: stoneskin gland -->
  <StoneskinGland.label>TODO</StoneskinGland.label>
  <!-- EN: An installed stoneskin gland. -->
  <StoneskinGland.description>TODO</StoneskinGland.description>
  <!-- EN: a stoneskin gland -->
  <StoneskinGland.labelNoun>TODO</StoneskinGland.labelNoun>
  
  <!-- EN: toughskin gland -->
  <ToughskinGland.label>TODO</ToughskinGland.label>
  <!-- EN: An installed toughskin gland. -->
  <ToughskinGland.description>TODO</ToughskinGland.description>
  <!-- EN: a toughskin gland -->
  <ToughskinGland.labelNoun>TODO</ToughskinGland.labelNoun>
  
</LanguageData>