﻿<?xml version="1.0" encoding="UTF-8"?>
<LanguageData>
  
  <!-- EN: anti-abasia mechanite infusion -->
  <CureAbasia.label>anti-abasia mechanieteninfusie</CureAbasia.label>
  <!-- EN: This special medical operation uses a massive dose of mechanites to saturate brain tissue and execute a coordinated restructure of neural activity without damaging the brain. It permanently cures a patient's abasia-induced paralysis, but consumes a large amount of glitterworld medicine. -->
  <CureAbasia.description>Deze bijzondere medische ingreep maakt gebruik van een enorme dosis mechanieten in het herselweefsel om een gecoördineerd herstel van neurale activiteit mogelijk te maken zonder de hersenen te beschadingen. Het geneest de door abasia veroorzaakte verlamming, maar vereist een grote hoeveelheid glitterwereldmedicijnen.</CureAbasia.description>
  <!-- EN: Infusing anti-abasia mechanites. -->
  <CureAbasia.jobString>Anti-abasia mechaniten infusie toedienen</CureAbasia.jobString>
  <!-- EN: {0} has successfully cured {1}'s paralytic abasia. -->
  <CureAbasia.successfullyRemovedHediffMessage>{0} heeft {1} met succes genezen van abasia-verlamming.</CureAbasia.successfullyRemovedHediffMessage>
  
  <!-- EN: cure blood rot -->
  <CureBloodRot.label>genees bloedrot</CureBloodRot.label>
  <!-- EN: This special medical operation cures blood rot by a massive infusion of bacteriophage mechanites. -->
  <CureBloodRot.description>Deze bijzondere medische ingreep geneest bloedrot door een enorme dosies bacteriofage mechanieten.</CureBloodRot.description>
  <!-- EN: Curing blood rot. -->
  <CureBloodRot.jobString>Bloedrot genezen.</CureBloodRot.jobString>
  <!-- EN: {0} has successfully cured {1}'s blood rot. -->
  <CureBloodRot.successfullyRemovedHediffMessage>{0} heeft de bloedrot van {1} genezen.</CureBloodRot.successfullyRemovedHediffMessage>
  
</LanguageData>