﻿<?xml version="1.0" encoding="UTF-8"?>
<LanguageData>
  
  <!-- EN: install aesthetic nose -->
  <InstallAestheticNose.label>TODO</InstallAestheticNose.label>
  <!-- EN: Install an aesthetic nose. -->
  <InstallAestheticNose.description>TODO</InstallAestheticNose.description>
  <!-- EN: Installing aesthetic nose. -->
  <InstallAestheticNose.jobString>TODO</InstallAestheticNose.jobString>
  
  <!-- EN: install aesthetic shaper -->
  <InstallAestheticShaper.label>TODO</InstallAestheticShaper.label>
  <!-- EN: Install an aesthetic shaper. -->
  <InstallAestheticShaper.description>TODO</InstallAestheticShaper.description>
  <!-- EN: Installing aesthetic shaper. -->
  <InstallAestheticShaper.jobString>TODO</InstallAestheticShaper.jobString>
  
  <!-- EN: install armorskin gland -->
  <InstallArmorskinGland.label>TODO</InstallArmorskinGland.label>
  <!-- EN: Install an armorskin gland. -->
  <InstallArmorskinGland.description>TODO</InstallArmorskinGland.description>
  <!-- EN: Installing armorskin gland. -->
  <InstallArmorskinGland.jobString>TODO</InstallArmorskinGland.jobString>
  
  <!-- EN: install circadian assistant -->
  <InstallCircadianAssistant.label>TODO</InstallCircadianAssistant.label>
  <!-- EN: Install a circadian assistant. -->
  <InstallCircadianAssistant.description>TODO</InstallCircadianAssistant.description>
  <!-- EN: Installing circadian assistant. -->
  <InstallCircadianAssistant.jobString>TODO</InstallCircadianAssistant.jobString>
  
  <!-- EN: install circadian half-cycler -->
  <InstallCircadianHalfCycler.label>TODO</InstallCircadianHalfCycler.label>
  <!-- EN: Install a circadian half-cycler. -->
  <InstallCircadianHalfCycler.description>TODO</InstallCircadianHalfCycler.description>
  <!-- EN: Installing circadian half-cycler. -->
  <InstallCircadianHalfCycler.jobString>TODO</InstallCircadianHalfCycler.jobString>
  
  <!-- EN: install coagulator -->
  <InstallCoagulator.label>TODO</InstallCoagulator.label>
  <!-- EN: Install a coagulator. -->
  <InstallCoagulator.description>TODO</InstallCoagulator.description>
  <!-- EN: Installing coagulator. -->
  <InstallCoagulator.jobString>TODO</InstallCoagulator.jobString>
  
  <!-- EN: install detoxifier stomach -->
  <InstallDetoxifierStomach.label>TODO</InstallDetoxifierStomach.label>
  <!-- EN: Install a detoxifier stomach. -->
  <InstallDetoxifierStomach.description>TODO</InstallDetoxifierStomach.description>
  <!-- EN: Installing detoxifier stomach. -->
  <InstallDetoxifierStomach.jobString>TODO</InstallDetoxifierStomach.jobString>
  
  <!-- EN: install gastro-analyzer -->
  <InstallGastroAnalyzer.label>TODO</InstallGastroAnalyzer.label>
  <!-- EN: Install a gastro-analyzer. -->
  <InstallGastroAnalyzer.description>TODO</InstallGastroAnalyzer.description>
  <!-- EN: Installing gastro-analyzer. -->
  <InstallGastroAnalyzer.jobString>TODO</InstallGastroAnalyzer.jobString>
  
  <!-- EN: install healing enhancer -->
  <InstallHealingEnhancer.label>TODO</InstallHealingEnhancer.label>
  <!-- EN: Install a healing enhancer. -->
  <InstallHealingEnhancer.description>TODO</InstallHealingEnhancer.description>
  <!-- EN: Installing healing enhancer. -->
  <InstallHealingEnhancer.jobString>TODO</InstallHealingEnhancer.jobString>
  
  <!-- EN: install immunoenhancer -->
  <InstallImmunoenhancer.label>TODO</InstallImmunoenhancer.label>
  <!-- EN: Install an immunoenhancer. -->
  <InstallImmunoenhancer.description>TODO</InstallImmunoenhancer.description>
  <!-- EN: Installing immunoenhancer. -->
  <InstallImmunoenhancer.jobString>TODO</InstallImmunoenhancer.jobString>
  
  <!-- EN: install learning assistant -->
  <InstallLearningAssistant.label>TODO</InstallLearningAssistant.label>
  <!-- EN: Install a learning assistant. -->
  <InstallLearningAssistant.description>TODO</InstallLearningAssistant.description>
  <!-- EN: Installing learning assistant. -->
  <InstallLearningAssistant.jobString>TODO</InstallLearningAssistant.jobString>
  
  <!-- EN: install love enhancer -->
  <InstallLoveEnhancer.label>TODO</InstallLoveEnhancer.label>
  <!-- EN: Install a love enhancer. -->
  <InstallLoveEnhancer.description>TODO</InstallLoveEnhancer.description>
  <!-- EN: Installing love enhancer. -->
  <InstallLoveEnhancer.jobString>TODO</InstallLoveEnhancer.jobString>
  
  <!-- EN: install neurocalculator -->
  <InstallNeurocalculator.label>TODO</InstallNeurocalculator.label>
  <!-- EN: Install a neurocalculator. -->
  <InstallNeurocalculator.description>TODO</InstallNeurocalculator.description>
  <!-- EN: Installing neurocalculator. -->
  <InstallNeurocalculator.jobString>TODO</InstallNeurocalculator.jobString>
  
  <!-- EN: install nuclear stomach -->
  <InstallNuclearStomach.label>TODO</InstallNuclearStomach.label>
  <!-- EN: Install a nuclear stomach. -->
  <InstallNuclearStomach.description>TODO</InstallNuclearStomach.description>
  <!-- EN: Installing nuclear stomach. -->
  <InstallNuclearStomach.jobString>TODO</InstallNuclearStomach.jobString>
  
  <!-- EN: install reprocessor stomach -->
  <InstallReprocessorStomach.label>TODO</InstallReprocessorStomach.label>
  <!-- EN: Install a reprocessor stomach. -->
  <InstallReprocessorStomach.description>TODO</InstallReprocessorStomach.description>
  <!-- EN: Installing reprocessor stomach. -->
  <InstallReprocessorStomach.jobString>TODO</InstallReprocessorStomach.jobString>
  
  <!-- EN: install stoneskin gland -->
  <InstallStoneskinGland.label>TODO</InstallStoneskinGland.label>
  <!-- EN: Install a stoneskin gland. -->
  <InstallStoneskinGland.description>TODO</InstallStoneskinGland.description>
  <!-- EN: Installing stoneskin gland. -->
  <InstallStoneskinGland.jobString>TODO</InstallStoneskinGland.jobString>
  
  <!-- EN: install toughskin gland -->
  <InstallToughskinGland.label>TODO</InstallToughskinGland.label>
  <!-- EN: Install a toughskin gland. -->
  <InstallToughskinGland.description>TODO</InstallToughskinGland.description>
  <!-- EN: Installing toughskin gland. -->
  <InstallToughskinGland.jobString>TODO</InstallToughskinGland.jobString>
  
  <!-- EN: remove aesthetic nose -->
  <RemoveAestheticNose.label>TODO</RemoveAestheticNose.label>
  <!-- EN: Remove aesthetic nose. -->
  <RemoveAestheticNose.description>TODO</RemoveAestheticNose.description>
  <!-- EN: Removing aesthetic nose. -->
  <RemoveAestheticNose.jobString>TODO</RemoveAestheticNose.jobString>
  
  <!-- EN: remove aesthetic shaper -->
  <RemoveAestheticShaper.label>TODO</RemoveAestheticShaper.label>
  <!-- EN: Remove aesthetic shaper. -->
  <RemoveAestheticShaper.description>TODO</RemoveAestheticShaper.description>
  <!-- EN: Removing aesthetic shaper. -->
  <RemoveAestheticShaper.jobString>TODO</RemoveAestheticShaper.jobString>
  
  <!-- EN: remove armorskin gland -->
  <RemoveArmorskinGland.label>TODO</RemoveArmorskinGland.label>
  <!-- EN: Remove armorskin gland. -->
  <RemoveArmorskinGland.description>TODO</RemoveArmorskinGland.description>
  <!-- EN: Removing armorskin gland. -->
  <RemoveArmorskinGland.jobString>TODO</RemoveArmorskinGland.jobString>
  
  <!-- EN: remove circadian assistant -->
  <RemoveCircadianAssistant.label>TODO</RemoveCircadianAssistant.label>
  <!-- EN: Remove circadian assistant. -->
  <RemoveCircadianAssistant.description>TODO</RemoveCircadianAssistant.description>
  <!-- EN: Removing circadian assistant. -->
  <RemoveCircadianAssistant.jobString>TODO</RemoveCircadianAssistant.jobString>
  
  <!-- EN: remove circadian half-cycler -->
  <RemoveCircadianHalfCycler.label>TODO</RemoveCircadianHalfCycler.label>
  <!-- EN: Remove circadian half-cycler. -->
  <RemoveCircadianHalfCycler.description>TODO</RemoveCircadianHalfCycler.description>
  <!-- EN: Removing circadian half-cycler. -->
  <RemoveCircadianHalfCycler.jobString>TODO</RemoveCircadianHalfCycler.jobString>
  
  <!-- EN: remove coagulator -->
  <RemoveCoagulator.label>TODO</RemoveCoagulator.label>
  <!-- EN: Remove coagulator. -->
  <RemoveCoagulator.description>TODO</RemoveCoagulator.description>
  <!-- EN: Removing coagulator. -->
  <RemoveCoagulator.jobString>TODO</RemoveCoagulator.jobString>
  
  <!-- EN: remove gastro-analyzer -->
  <RemoveGastroAnalyzer.label>TODO</RemoveGastroAnalyzer.label>
  <!-- EN: Remove gastro-analyzer. -->
  <RemoveGastroAnalyzer.description>TODO</RemoveGastroAnalyzer.description>
  <!-- EN: Removing gastro-analyzer. -->
  <RemoveGastroAnalyzer.jobString>TODO</RemoveGastroAnalyzer.jobString>
  
  <!-- EN: remove healing enhancer -->
  <RemoveHealingEnhancer.label>TODO</RemoveHealingEnhancer.label>
  <!-- EN: Remove healing enhancer. -->
  <RemoveHealingEnhancer.description>TODO</RemoveHealingEnhancer.description>
  <!-- EN: Removing healing enhancer. -->
  <RemoveHealingEnhancer.jobString>TODO</RemoveHealingEnhancer.jobString>
  
  <!-- EN: remove immunoenhancer -->
  <RemoveImmunoenhancer.label>TODO</RemoveImmunoenhancer.label>
  <!-- EN: Remove immunoenhancer. -->
  <RemoveImmunoenhancer.description>TODO</RemoveImmunoenhancer.description>
  <!-- EN: Removing immunoenhancer. -->
  <RemoveImmunoenhancer.jobString>TODO</RemoveImmunoenhancer.jobString>
  
  <!-- EN: remove learning assistant -->
  <RemoveLearningAssistant.label>TODO</RemoveLearningAssistant.label>
  <!-- EN: Remove learning assistant. -->
  <RemoveLearningAssistant.description>TODO</RemoveLearningAssistant.description>
  <!-- EN: Removing learning assistant. -->
  <RemoveLearningAssistant.jobString>TODO</RemoveLearningAssistant.jobString>
  
  <!-- EN: remove love enhancer -->
  <RemoveLoveEnhancer.label>TODO</RemoveLoveEnhancer.label>
  <!-- EN: Remove love enhancer. -->
  <RemoveLoveEnhancer.description>TODO</RemoveLoveEnhancer.description>
  <!-- EN: Removing love enhancer. -->
  <RemoveLoveEnhancer.jobString>TODO</RemoveLoveEnhancer.jobString>
  
  <!-- EN: remove neurocalculator -->
  <RemoveNeurocalculator.label>TODO</RemoveNeurocalculator.label>
  <!-- EN: Remove neurocalculator. -->
  <RemoveNeurocalculator.description>TODO</RemoveNeurocalculator.description>
  <!-- EN: Removing neurocalculator. -->
  <RemoveNeurocalculator.jobString>TODO</RemoveNeurocalculator.jobString>
  
  <!-- EN: remove stoneskin gland -->
  <RemoveStoneskinGland.label>TODO</RemoveStoneskinGland.label>
  <!-- EN: Remove stoneskin gland. -->
  <RemoveStoneskinGland.description>TODO</RemoveStoneskinGland.description>
  <!-- EN: Removing stoneskin gland. -->
  <RemoveStoneskinGland.jobString>TODO</RemoveStoneskinGland.jobString>
  
  <!-- EN: remove toughskin gland -->
  <RemoveToughskinGland.label>TODO</RemoveToughskinGland.label>
  <!-- EN: Remove toughskin gland. -->
  <RemoveToughskinGland.description>TODO</RemoveToughskinGland.description>
  <!-- EN: Removing toughskin gland. -->
  <RemoveToughskinGland.jobString>TODO</RemoveToughskinGland.jobString>
  
</LanguageData>