﻿<?xml version="1.0" encoding="UTF-8"?>
<LanguageData>
  
  <!-- EN:
    <li>questDescription->A [joiner_age]-year-old [joiner_title] named [joiner_nameFull] is calling for help! [joiner_pronoun] is hiding from [hidingFrom]. [joiner_pronoun] wants to flee and join you at [map_definite].[joiner_relationInfo]\n\n[condDesc]\n\nDesperate to stay hidden, [joiner_nameDef] claims to be unable to tell you more about [joiner_objective]self.</li>
    <li>hidingFrom(gameCondition==ToxicFallout)->a pack of starving wolves</li>
    <li>condDesc(gameCondition==ToxicFallout)->However, [joiner_nameDef] can only kill the wolves by setting fire to a massive toxic chemical dump nearby. [gameConditionDuration_duration] of toxic fallout will follow.</li>
    <li>hidingFrom(gameCondition==VolcanicWinter)->a gang of cannibals</li>
    <li>condDesc(gameCondition==VolcanicWinter)->However, [joiner_nameDef] can only kill the gang by setting fire to a massive abandoned garbage pile nearby. If [joiner_pronoun] joins you, smoky fallout will block the sun for [gameConditionDuration_duration].</li>
    <li>hidingFrom(gameCondition==EMIField)->a group of mechanoids</li>
    <li>condDesc(gameCondition==EMIField)->However, [joiner_nameDef] can only destroy the mechanoids by activating an ancient EMI dynamo. If [joiner_pronoun] joins you, an EMI field will be generated, shutting down electrical devices for [gameConditionDuration_duration].</li>
    <li>hidingFrom(gameCondition==HeatWave)->a malfunctioning climate control satellite</li>
    <li>condDesc(gameCondition==HeatWave)->If [joiner_pronoun] joins you, an intense heat wave will last for [gameConditionDuration_duration] until the satellite resets.</li>
    <li>hidingFrom(gameCondition==ColdSnap)->a malfunctioning climate control satellite</li>
    <li>condDesc(gameCondition==ColdSnap)->If [joiner_pronoun] joins you, an intense cold snap will last for [gameConditionDuration_duration] until the satellite resets.</li>
    <li>hidingFrom(gameCondition==WeatherController)->a malfunctioning weather control satellite</li>
    <li>condDesc(gameCondition==WeatherController)->If [joiner_pronoun] joins you, the weather will be [forcedWeather_label] for [gameConditionDuration_duration] until the satellite resets.</li>
    <li>hidingFrom(gameCondition==PsychicDrone)->a vengeful machine persona who [joiner_pronoun] recently offended</li>
    <li>condDesc(gameCondition==PsychicDrone)->If [joiner_pronoun] joins you, the machine mind will blast [map_definite] with a [psychicDroneLevel]-level psychic drone for [gameConditionDuration_duration], reducing mood of all [psychicDroneGender]s.</li>
    <li>hidingFrom(gameCondition==PsychicSuppression)->a hostile machine persona whom [joiner_pronoun] recently awoke</li>
    <li>condDesc(gameCondition==PsychicSuppression)->If [joiner_pronoun] joins you, the persona will hit [map_definite] with psychic suppression waves for [gameConditionDuration_duration], reducing consciousness of all [psychicSuppressorGender]s.</li>
  -->
  <ThreatReward_GameCondition_Joiner.questDescriptionRules.rulesStrings>TODO</ThreatReward_GameCondition_Joiner.questDescriptionRules.rulesStrings>
  <!-- EN:
    <li>questName->[joiner_nameDef]'s [gameCondition_label]</li>
    <li>questName->[joiner_nameDef] and the [gameCondition_label]</li>
    <li>questName->the [gameCondition_label] and [joiner_nameDef]</li>
  -->
  <ThreatReward_GameCondition_Joiner.questNameRules.rulesStrings>TODO</ThreatReward_GameCondition_Joiner.questNameRules.rulesStrings>
  
  <!-- EN:
    <li>questDescription->A [joiner_age]-year-old [joiner_title] named [joiner_nameDef] is calling from nearby. [joiner_pronoun] says [joiner_pronoun] poisoned an underground insect colony, but now [joiner_pronoun] is soaked in insect pheromones and the bugs are hunting [joiner_objective]!\n\n[joiner_pronoun] begs for safety and offers to join you at [map_definite].[joiner_relationInfo]\n\nIf you accept, an infestation of [hivesCount] hives will begin in [infestationDelayTicks_duration].\n\n[joiner_nameDef] is too frantic to offer more information.</li>
  -->
  <ThreatReward_Infestation_Joiner.questDescriptionRules.rulesStrings>TODO</ThreatReward_Infestation_Joiner.questDescriptionRules.rulesStrings>
  <!-- EN:
    <li>questName->[joiner_nameDef]'s infestation</li>
    <li>questName->[joiner_nameDef]'s hives</li>
    <li>questName->[joiner_nameDef]'s bugs</li>
    <li>questName->[joiner_nameDef]'s insects</li>
  -->
  <ThreatReward_Infestation_Joiner.questNameRules.rulesStrings>TODO</ThreatReward_Infestation_Joiner.questNameRules.rulesStrings>
  <!-- EN: {BASETEXT}\n            \n[joiner_nameDef] is soaked in insect pheromones and is fleeing from an infestation. The pursuing insects will arrive shortly. -->
  <ThreatReward_Infestation_Joiner.LetterTextJoinerArrived.value.slateRef>TODO</ThreatReward_Infestation_Joiner.LetterTextJoinerArrived.value.slateRef>
  <!-- EN: {BASELABEL}: Chasing [joiner_nameDef] -->
  <ThreatReward_Infestation_Joiner.LetterLabelChasing.value.slateRef>TODO</ThreatReward_Infestation_Joiner.LetterLabelChasing.value.slateRef>
  <!-- EN: {BASETEXT}\n                  \nThe insects are here for [joiner_nameDef]. -->
  <ThreatReward_Infestation_Joiner.LetterTextChasing.value.slateRef>TODO</ThreatReward_Infestation_Joiner.LetterTextChasing.value.slateRef>
  
  <!-- EN:
    <li>questDescription(animalCount==1)->A [joiner_age]-year-old [joiner_title] named [joiner_nameDef] is calling from nearby. [joiner_pronoun] says a manhunting [animalKind_label] is hunting [joiner_objective]!\n\n[joiner_pronoun] begs for safety and offers to join you at [map_definite].[joiner_relationInfo]\n\nIf you accept [joiner_nameDef], the manhunting [animalKind_label] will follow in [manhuntersDelayTicks_duration].\n\n[joiner_nameDef] is too frantic to offer more information.</li>
    <li>manhunterArrivalLetterEnd(animalCount==1)->The [animalKind_label] is chasing [joiner_nameDef].</li>
    <li>questDescription(animalCount>=2)->A [joiner_age]-year-old [joiner_title] named [joiner_nameDef] is calling from nearby. [joiner_pronoun] says a pack of [animalCount] manhunting [animalKind_labelPlural] are hunting [joiner_objective]!\n\n[joiner_pronoun] begs for safety and offers to join you at [map_definite].[joiner_relationInfo]\n\nIf you accept [joiner_nameDef], the manhunting [animalKind_labelPlural] will follow in [manhuntersDelayTicks_duration].\n\n[joiner_nameDef] is too frantic to offer more information.</li>
    <li>manhunterArrivalLetterEnd(animalCount>=2)->The [animalKind_labelPlural] are chasing [joiner_nameDef].</li>
  -->
  <ThreatReward_Manhunters_Joiner.questDescriptionRules.rulesStrings>TODO</ThreatReward_Manhunters_Joiner.questDescriptionRules.rulesStrings>
  <!-- EN:
    <li>questName(animalCount==1)->[joiner_nameDef]'s [animalKind_label]</li>
    <li>questName(animalCount==1)->[joiner_nameDef] and the [animalKind_label]</li>
    <li>questName(animalCount==1)->the [animalKind_label] and [joiner_nameDef]</li>
    <li>questName(animalCount>=2)->[joiner_nameDef]'s [animalKind_labelPlural]</li>
    <li>questName(animalCount>=2)->[joiner_nameDef] and the [animalKind_labelPlural]</li>
    <li>questName(animalCount>=2)->the [animalKind_labelPlural] and [joiner_nameDef]</li>
  -->
  <ThreatReward_Manhunters_Joiner.questNameRules.rulesStrings>TODO</ThreatReward_Manhunters_Joiner.questNameRules.rulesStrings>
  <!-- EN: {BASELABEL}: Chasing [joiner_nameDef] -->
  <ThreatReward_Manhunters_Joiner.LetterLabelChasing.slateRef>TODO</ThreatReward_Manhunters_Joiner.LetterLabelChasing.slateRef>
  <!-- EN: {BASETEXT}\n\n[manhunterArrivalLetterEnd] -->
  <ThreatReward_Manhunters_Joiner.LetterTextChasing.slateRef>TODO</ThreatReward_Manhunters_Joiner.LetterTextChasing.slateRef>
  
  <!-- EN:
    <li>questDescription->A [joiner_age]-year-old [joiner_title] named [joiner_nameDef] is calling from nearby. [joiner_pronoun] is begging to join you at [map_definite].[joiner_relationInfo]\n\nThere's some kind of threat following [joiner_nameDef], but [joiner_pronoun] is unwilling to say what it is or when it might follow. [joiner_pronoun] is also unwilling to tell you more about [joiner_objective]self.</li>
  -->
  <ThreatReward_MysteryThreat_Joiner.questDescriptionRules.rulesStrings>TODO</ThreatReward_MysteryThreat_Joiner.questDescriptionRules.rulesStrings>
  <!-- EN:
    <li>questName->[joiner_nameDef]'s [problem]</li>
    <li>questName->The [problem] of [joiner_nameDef]</li>
    <li>problem->Problem</li>
    <li>problem->Shame</li>
    <li>problem->Secret</li>
  -->
  <ThreatReward_MysteryThreat_Joiner.questNameRules.rulesStrings>TODO</ThreatReward_MysteryThreat_Joiner.questNameRules.rulesStrings>
  <!-- EN: {BASELABEL} chasing [joiner_nameDef] -->
  <ThreatReward_MysteryThreat_Joiner.LetterLabelChasingRaid.slateRef>TODO</ThreatReward_MysteryThreat_Joiner.LetterLabelChasingRaid.slateRef>
  <!-- EN: [joiner_nameDef] has admitted what [joiner_pronoun] was fleeing from.\n    \n[joiner_pronoun] was supposed to marry the child of [enemyFaction_leader_nameFull], leader of [enemyFaction_name]. [joiner_pronoun] became drunk before the ceremony and vomited on the altar - a flagrant insult towards [enemyFaction_leader_nameDef]'s whole family.\n    \n[enemyFaction_leader_nameDef] swore to seek revenge on [joiner_nameDef] and all those associated with [joiner_objective], and sent [enemyFaction_pawnsPlural] to carry out the task.\n    \n{BASETEXT} -->
  <ThreatReward_MysteryThreat_Joiner.LetterTextChasingRaid.slateRef>TODO</ThreatReward_MysteryThreat_Joiner.LetterTextChasingRaid.slateRef>
  <!-- EN: {BASELABEL}: Chasing [joiner_nameDef] -->
  <ThreatReward_MysteryThreat_Joiner.LetterLabelChasingInfestation.slateRef>TODO</ThreatReward_MysteryThreat_Joiner.LetterLabelChasingInfestation.slateRef>
  <!-- EN: [joiner_nameDef] has admitted what [joiner_pronoun] was fleeing from.\n    \n[joiner_nameDef], greedy for the pleasures and money insect jelly can bring, intended to destroy a massive insect hive using poison. [joiner_pronoun] failed, but was doused in insect threat pheromones. Insects have been hunting [joiner_objective] ever since. Now they've launched their final attack.\n    \n{BASETEXT} -->
  <ThreatReward_MysteryThreat_Joiner.LetterTextChasingInfestation.slateRef>TODO</ThreatReward_MysteryThreat_Joiner.LetterTextChasingInfestation.slateRef>
  <!-- EN: Site appeared to harass [joiner_nameDef]: [site_label] -->
  <ThreatReward_MysteryThreat_Joiner.LetterLabelSiteAppeared.slateRef>TODO</ThreatReward_MysteryThreat_Joiner.LetterLabelSiteAppeared.slateRef>
  <!-- EN: [joiner_nameDef] has admitted what [joiner_pronoun] was fleeing from.\n    \n[joiner_nameDef] was traveling when [joiner_pronoun] happened upon [enemyFaction_leader_nameFull], leader of [enemyFaction_name], sick on the side of the road. [joiner_nameDef] insulted [enemyFaction_leader_nameDef] by comparing [enemyFaction_leader_objective] to a [Animal].\n    \nNow [enemyFaction_leader_nameDef]'s [enemyFaction_pawnsPlural] are activating a site nearby to harass you.\n    \n[allSitePartsDescriptions] -->
  <ThreatReward_MysteryThreat_Joiner.LetterTextSiteAppeared.slateRef>TODO</ThreatReward_MysteryThreat_Joiner.LetterTextSiteAppeared.slateRef>
  <!-- EN: {BASELABEL}: Chasing [joiner_nameDef] -->
  <ThreatReward_MysteryThreat_Joiner.LetterLabelChasingManhunter.slateRef>TODO</ThreatReward_MysteryThreat_Joiner.LetterLabelChasingManhunter.slateRef>
  <!-- EN: [joiner_nameDef] has admitted what [joiner_pronoun] was fleeing from.\n    \n[joiner_nameDef] was traveling when [joiner_pronoun] came upon a lost group of [animalKind_labelPlural]. [joiner_pronoun], in a bad mood, goaded the [animalKind_labelPlural]. Unexpectedly, they attacked [joiner_objective]. And they have followed [joiner_objective] a long distance.\n    \n{BASETEXT} -->
  <ThreatReward_MysteryThreat_Joiner.LetterTextChasingManhunter.slateRef>TODO</ThreatReward_MysteryThreat_Joiner.LetterTextChasingManhunter.slateRef>
  
  <!-- EN:
    <li>questDescription->A [joiner_age]-year-old [joiner_title] named [joiner_nameDef] is calling from nearby. [joiner_pronoun] admits [joiner_pronoun] profaned a peace ritual between [raid1/enemyFaction_name] and [raid2/enemyFaction_name]. Now they are both chasing [joiner_objective]!\n\n[joiner_pronoun] begs for safety and offers to join you at [map_definite].[joiner_relationInfo]\n\nIf you accept [joiner_nameDef], both [raid1/enemyFaction_name] and [raid2/enemyFaction_name] will raid you in [raidDelayTicks_duration].\n\n[joiner_nameDef] is too frantic to offer more information.</li>
  -->
  <ThreatReward_RaidMultiFaction_Joiner.questDescriptionRules.rulesStrings>TODO</ThreatReward_RaidMultiFaction_Joiner.questDescriptionRules.rulesStrings>
  <!-- EN:
    <li>questName->[joiner_nameDef]'s Many Friends</li>
    <li>questName->[joiner_nameDef]'s Many Enemies</li>
  -->
  <ThreatReward_RaidMultiFaction_Joiner.questNameRules.rulesStrings>TODO</ThreatReward_RaidMultiFaction_Joiner.questNameRules.rulesStrings>
  <!-- EN: {BASELABEL} chasing [../joiner_nameDef] -->
  <ThreatReward_RaidMultiFaction_Joiner.LetterLabelChasingRaid1.value.slateRef>TODO</ThreatReward_RaidMultiFaction_Joiner.LetterLabelChasingRaid1.value.slateRef>
  <!-- EN: {BASETEXT}\n                  \nThe [enemyFaction_pawnsPlural] are coming for [../joiner_nameFull]. -->
  <ThreatReward_RaidMultiFaction_Joiner.LetterTextChasingRaid1.value.slateRef>TODO</ThreatReward_RaidMultiFaction_Joiner.LetterTextChasingRaid1.value.slateRef>
  <!-- EN: {BASELABEL} chasing [../joiner_nameDef] -->
  <ThreatReward_RaidMultiFaction_Joiner.LetterLabelChasingRaid2.value.slateRef>TODO</ThreatReward_RaidMultiFaction_Joiner.LetterLabelChasingRaid2.value.slateRef>
  <!-- EN: {BASETEXT}\n                        \nThe [enemyFaction_pawnsPlural] are coming for [../joiner_nameFull]. -->
  <ThreatReward_RaidMultiFaction_Joiner.LetterTextChasingRaid2.value.slateRef>TODO</ThreatReward_RaidMultiFaction_Joiner.LetterTextChasingRaid2.value.slateRef>
  
  <!-- EN:
    <li>questDescription->A [joiner_age]-year-old [joiner_title] named [joiner_nameFull] is calling from nearby. [joiner_pronoun] is hiding from [threat]. [joiner_pronoun] wants to flee [joiner_possessive] hiding spot and join you at [map_definite].[joiner_relationInfo]\n\nIf you accept [joiner_objective], [joinersEnemies] will set up a site nearby to harass you. [site/allSitePartsDescriptions]\n\nThe threat will remain until you go to destroy it.</li>
    <li>threat(priority=1,site/Outpost_exists==True)->[site/enemyFaction_pawnsPlural] of [site/enemyFaction_name]</li>
    <li>threat(priority=1,site/MechCluster_exists==True)->mechanoids</li>
    <li>threat(priority=1,site/SleepingMechanoids_exists==True)->mechanoids</li>
    <li>threat->[joiner_possessive] enemies</li>
    <li>joinersEnemies(priority=1,site/Outpost_exists==True)->[site/enemyFaction_name]</li>
    <li>joinersEnemies(priority=1,site/MechCluster_exists==True)->mechanoids</li>
    <li>joinersEnemies(priority=1,site/SleepingMechanoids_exists==True)->mechanoids</li>
    <li>joinersEnemies->[joiner_possessive] enemies</li>
  -->
  <ThreatReward_SiteThreat_Joiner.questDescriptionRules.rulesStrings>TODO</ThreatReward_SiteThreat_Joiner.questDescriptionRules.rulesStrings>
  <!-- EN:
    <li>questName->[joiner_nameDef]'s [site/site_label]</li>
    <li>questName->[joiner_nameDef] and the [site/site_label]</li>
    <li>questName->the [site/site_label] and [joiner_nameDef]</li>
  -->
  <ThreatReward_SiteThreat_Joiner.questNameRules.rulesStrings>TODO</ThreatReward_SiteThreat_Joiner.questNameRules.rulesStrings>
  <!-- EN: Since you accepted [../joiner_nameDef], [../threat] have set up a nearby site to harass you.\n                    \n[allSitePartsDescriptions] -->
  <ThreatReward_SiteThreat_Joiner.LetterTextSiteAppeared.value.slateRef>TODO</ThreatReward_SiteThreat_Joiner.LetterTextSiteAppeared.value.slateRef>
  
</LanguageData>