﻿<?xml version="1.0" encoding="UTF-8"?>
<LanguageData>
  
  <!-- EN:
    <li>questDescription->[asker_nameFull], [asker_titleIndef], is calling from nearby. [asker_pronoun] has deserted the army of [asker_factionName] and is being hunted by a loyalty squad. [asker_pronoun] wishes to join you at [map_definite].\n\n[asker_nameDef] knows the location of key outpost containing everything needed to develop psychic powers:\n\n[sitePart1_itemStashContents]\n\nBeware - If you accept [asker_nameDef], you will become an enemy of [asker_factionName]! The pursuing loyalty squad will attack immediately. It is composed of: \n\n[raid/raidPawnKinds]\n\nOnly accept if you wish to fight against [asker_factionName] and develop your psycasters on your own. You will have one year to attack the outpost before it is moved.</li>
  -->
  <Intro_Deserter.questDescriptionRules.rulesStrings>TODO</Intro_Deserter.questDescriptionRules.rulesStrings>
  <!-- EN:
    <li>questName->The Deserter</li>
  -->
  <Intro_Deserter.questNameRules.rulesStrings>TODO</Intro_Deserter.questNameRules.rulesStrings>
  <!-- EN: {BASETEXT}\n\nBecause you accepted [asker_nameDef], [asker_factionName] has become hostile.\n\nThe loyalty squad that is hunting [asker_objective] will arrive soon. -->
  <Intro_Deserter.LetterLabelAskerBecameHostile.slateRef>TODO</Intro_Deserter.LetterLabelAskerBecameHostile.slateRef>
  <!-- EN: {BASELABEL}: Loyalty squad -->
  <Intro_Deserter.LetterLabelLoyaltySquad.value.slateRef>TODO</Intro_Deserter.LetterLabelLoyaltySquad.value.slateRef>
  <!-- EN: {BASETEXT}\n\nThis is the loyalty squad that was hunting [../asker_nameFull].\n               -->
  <Intro_Deserter.LetterTextLoyaltySquad.value.slateRef>TODO</Intro_Deserter.LetterTextLoyaltySquad.value.slateRef>
  <!-- EN: Quest expired: [resolvedQuestName] -->
  <Intro_Deserter.LetterLabelQuestExpired.slateRef>TODO</Intro_Deserter.LetterLabelQuestExpired.slateRef>
  <!-- EN: The key imperial outpost, containing items needed for secret psychic powers, has packed up and moved on. -->
  <Intro_Deserter.LetterTextQuestExpired.slateRef>TODO</Intro_Deserter.LetterTextQuestExpired.slateRef>
  
</LanguageData>