﻿<?xml version="1.0" encoding="UTF-8"?>
<LanguageData>
  
  <!-- EN: [lodgersLabelSingOrPlural] arrived -->
  <Hospitality_Util_Worker.LetterLabelLodgersArrived.value.slateRef>TODO</Hospitality_Util_Worker.LetterLabelLodgersArrived.value.slateRef>
  <!-- EN: [lodgersLabelSingOrPluralDef] [lodgersHasHave] arrived. Protect [lodgersObjective] until the shuttle arrives in [shuttleDelayTicks_duration].[helpersArrivalLetterEnd] -->
  <Hospitality_Util_Worker.LetterTextLodgersArrived.value.slateRef>TODO</Hospitality_Util_Worker.LetterTextLodgersArrived.value.slateRef>
  <!-- EN: Should depart on shuttle -->
  <Hospitality_Util_Worker.InspectStringDepartShuttle.slateRef>TODO</Hospitality_Util_Worker.InspectStringDepartShuttle.slateRef>
  <!-- EN: Shuttle arrived -->
  <Hospitality_Util_Worker.LetterLabelShuttleArrived.slateRef>TODO</Hospitality_Util_Worker.LetterLabelShuttleArrived.slateRef>
  <!-- EN: The shuttle has arrived to collect [lodgersLabelSingOrPluralDef]. Be sure to have these people on the shuttle before it leaves in [shuttleLeaveDelayTicks_duration]:\n\n[lodgers] -->
  <Hospitality_Util_Worker.LetterTextShuttleArrived.slateRef>TODO</Hospitality_Util_Worker.LetterTextShuttleArrived.slateRef>
  <!-- EN: Guest died: {SUBJECT_definite} -->
  <Hospitality_Util_Worker.LetterLabelGuestDied.slateRef>TODO</Hospitality_Util_Worker.LetterLabelGuestDied.slateRef>
  <!-- EN: [letterSubject], who you were charged to protect, has died. [remainingWillNowLeave][failLetterEndingCommon] -->
  <Hospitality_Util_Worker.LetterTextGuestDied.slateRef>TODO</Hospitality_Util_Worker.LetterTextGuestDied.slateRef>
  <!-- EN: Guest captured: {SUBJECT_definite} -->
  <Hospitality_Util_Worker.LetterLabelGuestCapture.slateRef>TODO</Hospitality_Util_Worker.LetterLabelGuestCapture.slateRef>
  <!-- EN: [letterSubject], who you were charged to protect, has been arrested. [remainingWillNowLeave][failLetterEndingCommon] -->
  <Hospitality_Util_Worker.LetterTextGuestCapture.slateRef>TODO</Hospitality_Util_Worker.LetterTextGuestCapture.slateRef>
  <!-- EN: Prisoner recruited: {SUBJECT_definite} -->
  <Hospitality_Util_Worker.LabelLabelPrisonerRecruited.slateRef>TODO</Hospitality_Util_Worker.LabelLabelPrisonerRecruited.slateRef>
  <!-- EN: You have recruited {SUBJECT_definite}, who you were charged to guard. [remainingWillNowLeave][failLetterEndingCommon] -->
  <Hospitality_Util_Worker.LabelTextPrisonerRecruited.slateRef>TODO</Hospitality_Util_Worker.LabelTextPrisonerRecruited.slateRef>
  <!-- EN: Unauthorized surgery: {SUBJECT_definite} -->
  <Hospitality_Util_Worker.LetterLabelUnauthorizedSurgery.slateRef>TODO</Hospitality_Util_Worker.LetterLabelUnauthorizedSurgery.slateRef>
  <!-- EN: Unauthorized, violating surgery has been performed on [letterSubject]. [remainingWillNowLeave][failLetterEndingCommon] -->
  <Hospitality_Util_Worker.LetterTextUnauthorizedSurgery.slateRef>TODO</Hospitality_Util_Worker.LetterTextUnauthorizedSurgery.slateRef>
  <!-- EN: Guest lost: {SUBJECT_definite} -->
  <Hospitality_Util_Worker.LetterLabelGuestLost.slateRef>TODO</Hospitality_Util_Worker.LetterLabelGuestLost.slateRef>
  <!-- EN: [letterSubject], who you were charged to protect, is gone. [remainingWillNowLeave][failLetterEndingCommon] -->
  <Hospitality_Util_Worker.LetterTextGuestLost.slateRef>TODO</Hospitality_Util_Worker.LetterTextGuestLost.slateRef>
  <!-- EN: Guest lost: {SUBJECT_definite} -->
  <Hospitality_Util_Worker.LetterLabelGuestJoinedOtherFaction.slateRef>TODO</Hospitality_Util_Worker.LetterLabelGuestJoinedOtherFaction.slateRef>
  <!-- EN: [letterSubject], who you were charged to protect, has joined another faction. [remainingWillNowLeave][failLetterEndingCommon] -->
  <Hospitality_Util_Worker.LetterTextGuestJoinedOtherFaction.slateRef>TODO</Hospitality_Util_Worker.LetterTextGuestJoinedOtherFaction.slateRef>
  <!-- EN: Quest failed: [resolvedQuestName] -->
  <Hospitality_Util_Worker.LetterLabelAskerFactionHostile.slateRef>TODO</Hospitality_Util_Worker.LetterLabelAskerFactionHostile.slateRef>
  <!-- EN: [asker_faction_name] are now hostile towards you. [failLetterEndingCommon] -->
  <Hospitality_Util_Worker.LetterTextAskerFactionHostile.slateRef>TODO</Hospitality_Util_Worker.LetterTextAskerFactionHostile.slateRef>
  <!-- EN: Shuttle destroyed -->
  <Hospitality_Util_Worker.LetterLabelShuttleDestroyed.slateRef>TODO</Hospitality_Util_Worker.LetterLabelShuttleDestroyed.slateRef>
  <!-- EN: The shuttle sent to collect [lodgersLabelSingOrPluralDef] has been destroyed. [lodgersLabelSingOrPluralDef] will now leave on foot. [failLetterEndingCommon] -->
  <Hospitality_Util_Worker.LetterTextShuttleDestroyed.slateRef>TODO</Hospitality_Util_Worker.LetterTextShuttleDestroyed.slateRef>
  <!-- EN: Quest completed -->
  <Hospitality_Util_Worker.LetterLabelGoodwillSuccessQuestCompleted.slateRef>TODO</Hospitality_Util_Worker.LetterLabelGoodwillSuccessQuestCompleted.slateRef>
  <!-- EN: You have successfully completed the quest '[resolvedQuestName]'!\n\n[lodgersLabelSingOrPluralDef] said [lodgersPronoun] [lodgersWasWere] willing to reward quality accommodation. The average mood of [lodgersLabelSingOrPluralDef] was {AVERAGEMOOD} during [theirHisHer] stay, so your goodwill with [asker_faction_name] has increased by {GOODWILL} -->
  <Hospitality_Util_Worker.LetterTextGoodwillSuccessQuestCompleted.slateRef>TODO</Hospitality_Util_Worker.LetterTextGoodwillSuccessQuestCompleted.slateRef>
  <!-- EN: Quest completed -->
  <Hospitality_Util_Worker.LetterLabelGoodwillFailedQuestCompleted.slateRef>TODO</Hospitality_Util_Worker.LetterLabelGoodwillFailedQuestCompleted.slateRef>
  <!-- EN: You have successfully completed the quest '[resolvedQuestName]'!\n\nWhile [lodgersLabelSingOrPluralDef] [lodgersWasWere] willing to reward quality accommodation, [theirHisHer] average mood was only {AVERAGEMOOD} during [theirHisHer] stay. You will receive no faction goodwill reward. -->
  <Hospitality_Util_Worker.LetterTextGoodwillFailedQuestCompleted.slateRef>TODO</Hospitality_Util_Worker.LetterTextGoodwillFailedQuestCompleted.slateRef>
  <!-- EN: Quest failed: [resolvedQuestName] -->
  <Hospitality_Util_Worker.LetterLabelQuestFailed.slateRef>TODO</Hospitality_Util_Worker.LetterLabelQuestFailed.slateRef>
  <!-- EN: The shuttle sent to collect [lodgersLabelSingOrPluralDef] has departed. [lodgersLabelSingOrPluralDef] will now leave on foot. [failLetterEndingCommon] -->
  <Hospitality_Util_Worker.LetterTextQuestFailed.slateRef>TODO</Hospitality_Util_Worker.LetterTextQuestFailed.slateRef>
  
  <!-- EN: Shuttle destroyed -->
  <Util_ArriveByDropPodsOrShuttle.LetterLabelShuttleDestroyed.slateRef>TODO</Util_ArriveByDropPodsOrShuttle.LetterLabelShuttleDestroyed.slateRef>
  <!-- EN: The shuttle sent to drop off [pawnsLabelDef] has been destroyed. You have failed the quest '[resolvedQuestName]'.\n\nYour relations with [asker_faction_name] have changed by [goodwillChangeOnShuttleDestroyed]. -->
  <Util_ArriveByDropPodsOrShuttle.LetterTextShuttleDestroyed.slateRef>TODO</Util_ArriveByDropPodsOrShuttle.LetterTextShuttleDestroyed.slateRef>
  
</LanguageData>