﻿<?xml version="1.0" encoding="UTF-8"?>
<LanguageData>
  
  <!-- EN:
    <li>threatDescription->[gameConditionDescriptionFuture].</li>
  -->
  <Util_GameConditionNegativeRandom.questDescriptionRules.rulesStrings>TODO</Util_GameConditionNegativeRandom.questDescriptionRules.rulesStrings>
  
  <!-- EN:
    <li>threatDescription->[hivesCount] insect hives will burrow up from underground.</li>
  -->
  <Util_Infestation.questDescriptionRules.rulesStrings>TODO</Util_Infestation.questDescriptionRules.rulesStrings>
  
  <!-- EN:
    <li>threatDescription->a pack of [animalCount] manhunting [animalKind_labelPlural] will arrive.</li>
  -->
  <Util_ManhunterPack.questDescriptionRules.rulesStrings>TODO</Util_ManhunterPack.questDescriptionRules.rulesStrings>
  
  <!-- EN:
    <li>threatDescription->a new site will appear nearby, where [allSitePartsDescriptions] This threat will remain until you go destroy it.</li>
    <li>defaultSiteAppearedLetterText->A new site has appeared nearby.\n\n[allSitePartsDescriptions]</li>
    <li>defaultSiteAppearedLetterLabel->Site appeared: [site_label]</li>
  -->
  <Util_SpawnSiteThreat.questDescriptionRules.rulesStrings>TODO</Util_SpawnSiteThreat.questDescriptionRules.rulesStrings>
  
</LanguageData>