﻿<?xml version="1.0" encoding="UTF-8"?>
<LanguageData>
  
  <!-- EN:
    <li>lodgersLabel->prisoner</li>
    <li>lodgersLabelPlural->prisoners</li>
  -->
  <Hospitality_Prisoners.questDescriptionAndNameRules.rulesStrings>TODO</Hospitality_Prisoners.questDescriptionAndNameRules.rulesStrings>
  <!-- EN:
    <li>questDescription(askerIsNull==true,lodgersCount==1)->An orbiting ship captain wants you to guard a prisoner named [lodgers0_nameFull] at [map_definite] for [shuttleDelayTicks_duration]. [allLodgerInfo][threatsInfo1][commonDescEnding]</li>
    <li>threatsInfo1(generateThreats==true,threatType==Raids,enemyFaction!=Mechanoid)->\n\n[lodgers0_nameDef] recently spat on the most loved child of [enemyFaction_leader_nameFull], [enemyFaction_leaderTitle] of [enemyFaction_name]. [enemyFaction_leader_nameDef] will send [enemyFaction_pawnsPlural] to seek revenge on any who would protect [lodgers0_objective]. [enemyGroupsParagraph]</li>
    <li>threatsInfo1(generateThreats==true,threatType==Raids,enemyFaction==Mechanoid)->\n\n[threatsInfoMechRaidsSingleHuman] [enemyGroupsParagraph]</li>
    <li>threatsInfo1(generateThreats==true,threatType==MechClusters)->\n\n[threatsInfoMechClustersSingleHuman] [enemyGroupsParagraph]</li>
    <li>threatsInfo1(generateThreats==false)-></li>
    <li>questDescription(askerIsNull==true,lodgersCount>=2)->An orbiting ship captain wants you to guard [lodgersCount] prisoners at [map_definite] for [shuttleDelayTicks_duration]. [allLodgerInfo][threatsInfo2][commonDescEnding]</li>
    <li>threatsInfo2(generateThreats==true,threatType==Raids,enemyFaction!=Mechanoid)->\n\nThe prisoners committed a string of murders against the [enemyFaction_pawnsPlural] of [enemyFaction_name], and their victims' families will send raids to seek revenge. [enemyGroupsParagraph]</li>
    <li>threatsInfo2(generateThreats==true,threatType==Raids,enemyFaction==Mechanoid)->\n\nThe prisoners recently [mechViolation], and have been targeted by a mechanoid hive. [enemyGroupsParagraph]</li>
    <li>threatsInfo2(generateThreats==true,threatType==MechClusters)->\n\n[threatsInfoMechClustersMultiPrisoners] [enemyGroupsParagraph]</li>
    <li>threatsInfo2(generateThreats==false)-></li>
    <li>questDescription(asker_factionLeader==True,lodgersCount==1)->[asker_nameFull], [asker_faction_leaderTitle] of [asker_faction_name], wants you to stash a special prisoner for [asker_objective]. The prisoner, a [lodgers0_age]-year-old [lodgers0_title] named [lodgers0_nameFull], knows embarrassing information about [asker_nameDef]'s [PersonalCharacteristic], and [asker_nameDef] doesn't want [lodgers0_objective] to be freed. You only need to keep the prisoner for [shuttleDelayTicks_duration] until the scandal passes. [allLodgerInfo][threatsInfo3][commonDescEnding]</li>
    <li>threatsInfo3(generateThreats==true,threatType==Raids,enemyFaction!=Mechanoid)->\n\nUnfortunately, [enemyFaction_name] wants to spread the shameful story and is sending raids to break [lodgers0_nameDef] out of jail. [enemyGroupsParagraph]</li>
    <li>threatsInfo3(generateThreats==true,threatType==Raids,enemyFaction==Mechanoid)->\n\n[threatsInfoMechRaidsSingleHuman] [enemyGroupsParagraph]</li>
    <li>threatsInfo3(generateThreats==true,threatType==MechClusters)->\n\n[threatsInfoMechClustersSingleHuman] [enemyGroupsParagraph]</li>
    <li>threatsInfo3(generateThreats==false)-></li>
    <li>questDescription(asker_factionLeader==True,lodgersCount>=2)->[asker_nameFull], [asker_faction_leaderTitle] of [asker_faction_name], has captured [lodgersCount] prisoners from an enemy faction. With no place to store them, [asker_nameDef] wants you to watch over them for [shuttleDelayTicks_duration], until [asker_possessive] prison is ready.[allLodgerInfo][threatsInfo4][commonDescEnding]</li>
    <li>threatsInfo4(generateThreats==true,threatType==Raids,enemyFaction!=Mechanoid)->\n\nThe prisoners have a paid rescue contract with [enemyFaction_name], so they will send [enemyFaction_pawnsPlural] after you. [enemyGroupsParagraph]</li>
    <li>threatsInfo4(generateThreats==true,threatType==Raids,enemyFaction==Mechanoid)->\n\n[asker_nameDef]'s enemies have some provoked a mechanoid hive into hunting the prisoners, so it will send mechanoid attack groups. [enemyGroupsParagraph]</li>
    <li>threatsInfo4(generateThreats==true,threatType==MechClusters)->\n\n[threatsInfoMechClustersMultiPrisoners] [enemyGroupsParagraph]</li>
    <li>threatsInfo4(generateThreats==false)-></li>
    <li>questDescription(asker_royalInCurrentFaction==True,lodgersCount==1)->[asker_nameFull], a [asker_royalTitleInCurrentFaction] of [asker_faction_name] has been caught in bed with the wrong person. [asker_pronoun] imprisoned the inappropriate lover in a show of rejection. Now [asker_pronoun] wants you to keep the prisoner [lodgers0_nameFull] caged until the scandal blows over in [shuttleDelayTicks_duration]. [allLodgerInfo][threatsInfo5][commonDescEnding]</li>
    <li>threatsInfo5(generateThreats==true,threatType==Raids,enemyFaction!=Mechanoid)->\n\nUnfortunately, [asker_nameDef]'s court rivals are paying [enemyFaction_name] to try to break the lover out and bring the story to light. [enemyGroupsParagraph]</li>
    <li>threatsInfo5(generateThreats==true,threatType==Raids,enemyFaction==Mechanoid)->\n\nUnfortunately, [asker_nameDef]'s court rivals have provoked mechanoids attacks from [enemyFaction_name] to try to break the lover out and bring the story to light. [enemyGroupsParagraph]</li>
    <li>threatsInfo5(generateThreats==true,threatType==MechClusters)->\n\n[threatsInfoMechClustersSingleHuman] [enemyGroupsParagraph]</li>
    <li>threatsInfo5(generateThreats==false)-></li>
    <li>questDescription(asker_royalInCurrentFaction==True,lodgersCount>=2)->[asker_nameFull], a [asker_royalTitleInCurrentFaction] of [asker_faction_name], seeks your help. [asker_nameDef]'s royal archaeologists recently extracted [lodgersCount] prisoners from an ancient cryptosleep vault, and intend to question them. To keep the prisoners secret from court rivals, [asker_nameDef] wants you to hold them for [shuttleDelayTicks_duration]. [allLodgerInfo][threatsInfo6][commonDescEnding]</li>
    <li>threatsInfo6(generateThreats==true,threatType==Raids,enemyFaction!=Mechanoid)->\n\nUnfortunately, [enemyFaction_pawnsPlural] from [enemyFaction_name] revered the vault that the prisoners were extracted from. They'll send raids to seek revenge on anyone who holds them. [enemyGroupsParagraph]</li>
    <li>threatsInfo6(generateThreats==true,threatType==Raids,enemyFaction==Mechanoid)->\n\nUnfortunately, [enemyFaction_pawnsPlural] from [enemyFaction_name] were guarding the vault that the prisoners were extracted from. They'll send mechanoids to hunt down the lost sleepers. [enemyGroupsParagraph]</li>
    <li>threatsInfo6(generateThreats==true,threatType==MechClusters)->\n\n[threatsInfoMechClustersMultiPrisoners] [enemyGroupsParagraph]</li>
    <li>threatsInfo6(generateThreats==false)-></li>
  -->
  <Hospitality_Prisoners.questDescriptionRules.rulesStrings>TODO</Hospitality_Prisoners.questDescriptionRules.rulesStrings>
  <!-- EN:
    <li>questName->Guarding for [asker_nameDef]</li>
    <li>questName(lodgersCount==1)->guarding [lodgers0_nameDef]</li>
    <li>questName(lodgersCount==1)->prisoner [lodgers0_nameDef]</li>
    <li>questName(lodgersCount==1)->the [adjAny] prisoner</li>
    <li>questName(lodgersCount==1)->one [adjAny] prisoner</li>
    <li>questName(lodgersCount>=2)->warden for hire</li>
    <li>questName(lodgersCount>=2)->prison warden</li>
    <li>questName(lodgersCount>=2)->contract prison</li>
    <li>questName(lodgersCount>=2)->the wanted prisoners</li>
    <li>questName(lodgersCount>=2)->the [adjAny] prisoners</li>
    <li>questName(lodgersCount>=2)->[asker_nameDef]'s prisoners</li>
    <li>adjAny->[AdjectiveBadass]</li>
    <li>adjAny->[AdjectiveAngsty]</li>
    <li>adjAny->[AdjectiveFriendly]</li>
  -->
  <Hospitality_Prisoners.questNameRules.rulesStrings>TODO</Hospitality_Prisoners.questNameRules.rulesStrings>
  
</LanguageData>