﻿<?xml version="1.0" encoding="UTF-8"?>
<LanguageData>
  
  <!-- EN:
    <li>questDescription->\nIn order to consecrate making [titleHeir_nameFull] the heir of [titleHolder_nameFull]'s title, you must build a monument.\n\nThe monument will be [monumentSize] in size and will require these resources (total value [monumentRequiredResourcesMarketValue_money]):\n\n[monumentRequiredResources]\n\nFailing to finish the monument within 20 days is considered to profane the ritual. Your relations with [asker_factionName] will fall by 25, and the heir will not be changed.\n\nIf the monument is destroyed within [keepMonumentTicks_duration] days after completion, your relations with [asker_factionName] will fall by [goodwillChangeIfMonumentDestroyed].</li>
  -->
  <ChangeRoyalHeir.questDescriptionRules.rulesStrings>TODO</ChangeRoyalHeir.questDescriptionRules.rulesStrings>
  <!-- EN:
    <li>questName->[titleHeir_nameDef]'s inheritance</li>
  -->
  <ChangeRoyalHeir.questNameRules.rulesStrings>TODO</ChangeRoyalHeir.questNameRules.rulesStrings>
  <!-- EN: Time left: {0} -->
  <ChangeRoyalHeir.InspectStringTimeLeft.slateRef>TODO</ChangeRoyalHeir.InspectStringTimeLeft.slateRef>
  <!-- EN: [titleHolder_nameDef]'s heir change failed -->
  <ChangeRoyalHeir.LetterTextAskerOffended.slateRef>TODO</ChangeRoyalHeir.LetterTextAskerOffended.slateRef>
  <!-- EN: [asker_nameDef] is offended that you promised to consecrate the new inheritance, but did not build the monument within the prescribed time.\n\nYou lost 25 goodwill with [asker_faction_name]. -->
  <ChangeRoyalHeir.LetterLabelAskerOffended.slateRef>TODO</ChangeRoyalHeir.LetterLabelAskerOffended.slateRef>
  <!-- EN: Title holder died: {SUBJECT_definite} -->
  <ChangeRoyalHeir.LetterLabelTitleHolderDied.slateRef>TODO</ChangeRoyalHeir.LetterLabelTitleHolderDied.slateRef>
  <!-- EN: {SUBJECT_definite}, whose heir was in the process of being changed, has died. -->
  <ChangeRoyalHeir.LetterTextTitleHolderDied.slateRef>TODO</ChangeRoyalHeir.LetterTextTitleHolderDied.slateRef>
  <!-- EN: Designated heir died: {SUBJECT_definite} -->
  <ChangeRoyalHeir.LetterLabelDesignatedHeirDied.slateRef>TODO</ChangeRoyalHeir.LetterLabelDesignatedHeirDied.slateRef>
  <!-- EN: {SUBJECT_definite}, who was supposed to become heir to a title, has died. -->
  <ChangeRoyalHeir.LetterTextDesignatedHeirDied.slateRef>TODO</ChangeRoyalHeir.LetterTextDesignatedHeirDied.slateRef>
  <!-- EN: Monument destroyed -->
  <ChangeRoyalHeir.LetterLabelMonumentDestroyed.slateRef>TODO</ChangeRoyalHeir.LetterLabelMonumentDestroyed.slateRef>
  <!-- EN: [asker_nameDef] is offended that you promised to consecrate the new inheritance, but allowed the monument to be ruined soon after completion.\n\nYour relations with [asker_faction_name] have fallen by [goodwillChangeIfMonumentDestroyed]. -->
  <ChangeRoyalHeir.LetterTextMonumentDestroyed.slateRef>TODO</ChangeRoyalHeir.LetterTextMonumentDestroyed.slateRef>
  <!-- EN: New heir: [titleHeir_nameDef] -->
  <ChangeRoyalHeir.LetterLabelNewHeir.slateRef>TODO</ChangeRoyalHeir.LetterLabelNewHeir.slateRef>
  <!-- EN: [titleHeir_nameDef] is the new heir of [titleHolder_nameDef]. -->
  <ChangeRoyalHeir.LetterTextNewHeir.slateRef>TODO</ChangeRoyalHeir.LetterTextNewHeir.slateRef>
  <!-- EN: Do not destroy the monument for {0} -->
  <ChangeRoyalHeir.DontDestroyMonumentForDays.slateRef>TODO</ChangeRoyalHeir.DontDestroyMonumentForDays.slateRef>
  <!-- EN: Do not destroy the monument for {0} -->
  <ChangeRoyalHeir.DontDestroyMonumentForDaysTip.slateRef>TODO</ChangeRoyalHeir.DontDestroyMonumentForDaysTip.slateRef>
  <!-- EN: Keep monument {0} -->
  <ChangeRoyalHeir.KeepMonument.slateRef>TODO</ChangeRoyalHeir.KeepMonument.slateRef>
  
</LanguageData>