﻿<?xml version="1.0" encoding="UTF-8"?>
<LanguageData>
  
  <!-- EN:
    <li>questDescription(askerIsNull==true)->A machine persona in an orbiting ship wants to perform some planetary experiments. However, if she carries out her experiment, [gameConditionDescriptionFuture].\n\nShe is concerned about getting in trouble with the ethical review board, and is asking for your consent.</li>
    <li>questDescription(asker_factionLeader==True)->A vengeful machine persona is threatening the [asker_faction_pawnsPlural] of [asker_faction_name]. [asker_faction_leaderTitle] [asker_nameFull] wants you to send a message to the persona accepting responsibility for their transgressions.\n\nIf you do, the persona will turn its anger on you. [gameConditionDescriptionFuture].</li>
    <li>questDescription(asker_royalInCurrentFaction==True)->[asker_nameFull], a [asker_royalTitleInCurrentFaction] of [asker_faction_name], wants to perform a low-power test of one of [asker_possessive] ship's area-attack weapons. If [asker_pronoun] does, [gameConditionDescriptionFuture].\n\nSince you are a local landholder under imperial law, [asker_nameDef] needs your honorable permission to proceed.</li>
  -->
  <ThreatReward_GameCondition_ItemPod.questDescriptionRules.rulesStrings>TODO</ThreatReward_GameCondition_ItemPod.questDescriptionRules.rulesStrings>
  <!-- EN:
    <li>questName->[asker_nameDef]'s [gameCondition_label]</li>
    <li>questName->[gameCondition_indefinite] for [asker_nameDef]</li>
    <li>questName->Paid [gameCondition_label]</li>
    <li>questName->[gameCondition_label] for Pay</li>
  -->
  <ThreatReward_GameCondition_ItemPod.questNameRules.rulesStrings>TODO</ThreatReward_GameCondition_ItemPod.questNameRules.rulesStrings>
  
  <!-- EN:
    <li>questDescription(askerIsNull==true)->An orbiting research ship wants to test a new type of insect pheromone. If you agree, they'll sweep [map_definite] with the pheromone, provoking an infestation of [hivesCount] hives.\n\n[helpersParagraph]</li>
    <li>infestationArrivalLetterText(askerIsNull==true)->The hives were attracted by a pheromone sweep from an orbiting research ship.</li>
    <li>questDescription(asker_factionLeader==True)->[asker_nameFull], [asker_faction_leaderTitle] of [asker_faction_name], is facing repeated infestations at sites near [map_definite]. [asker_pronoun] wants to draw the infestations to you. This will provoke an infestation of [hivesCount] hives.\n\n[helpersParagraph]</li>
    <li>infestationArrivalLetterText(asker_factionLeader==True)->The hives were originally infesting nearby sites belonging to [asker_nameFull] of [asker_faction_name].</li>
    <li>questDescription(asker_royalInCurrentFaction==True)->[asker_nameFull], a [asker_royalTitleInCurrentFaction] of [asker_faction_name], is having trouble landing near [map_definite] due to repeated infestations. [asker_pronoun] wants to draw the bugs to you to be dealt with. This will provoke an infestation of [hivesCount] hives.\n\n[helpersParagraph]</li>
    <li>infestationArrivalLetterText(asker_royalInCurrentFaction==True)->The infestation was drawn to you by [asker_nameFull], a [asker_royalTitleInCurrentFaction] of [asker_faction_name].</li>
  -->
  <ThreatReward_Infestation_ItemPod.questDescriptionRules.rulesStrings>TODO</ThreatReward_Infestation_ItemPod.questDescriptionRules.rulesStrings>
  <!-- EN:
    <li>questName->Pods and [insects]</li>
    <li>questName->[asker_nameDef]'s [insects]</li>
    <li>questName->The [itemPodsTotalMarketValue_money] [insects]</li>
    <li>questName(asker_royalInCurrentFaction==True)->Spectacle of [insects]</li>
    <li>questName(p=0.3)->Podswarm</li>
    <li>insects->insects</li>
    <li>insects->bugs</li>
    <li>insects->hives</li>
  -->
  <ThreatReward_Infestation_ItemPod.questNameRules.rulesStrings>TODO</ThreatReward_Infestation_ItemPod.questNameRules.rulesStrings>
  
  <!-- EN:
    <li>animalKindLabelCorrect(animalCount==1)->[animalKind_label]</li>
    <li>animalKindLabelCorrect(animalCount>=2)->[animalKind_labelPlural]</li>
    <li>manhuntingBeastIndef(animalCount==1)->a manhunting [animalKind_label]</li>
    <li>manhuntingBeastIndef(animalCount>=2)->a pack of [animalCount] manhunting [animalKind_labelPlural]</li>
    <li>endSection->\n\n[helpersParagraph]The [animalKindLabelCorrect] will arrive at [map_definite] [manhuntersDelayTicks_duration] after you accept.</li>
    <li>questDescription(askerIsNull==true,animalCount==1)->A trader is calling. A wild [animalKind_label] is hunting him! He wants your help to draw the beast away from him.[endSection]</li>
    <li>manhunterArrivalLetterEnd(askerIsNull==true,animalCount==1)->The [animalKind_label] was hunting a nearby trader.</li>
    <li>questDescription(askerIsNull==true,animalCount>=2)->A trader is calling. A pack of [animalCount] wild [animalKind_labelPlural] are hunting him! He wants your help to draw the animals away from him.[endSection]</li>
    <li>manhunterArrivalLetterEnd(askerIsNull==true,animalCount>=2)->The [animalKind_labelPlural] were hunting a nearby trader.</li>
    <li>questDescription(asker_factionLeader==True)->Caravans of [asker_faction_name] are being harassed by [manhuntingBeastIndef]. [asker_faction_leaderTitle] [asker_nameFull] wants your help to draw the beasts away from the caravans.[endSection]</li>
    <li>manhunterArrivalLetterEnd(asker_factionLeader==True,animalCount==1)->The [animalKind_label] was harassing caravans from [asker_faction_name].</li>
    <li>manhunterArrivalLetterEnd(asker_factionLeader==True,animalCount>=2)->The [animalKind_labelPlural] were harassing caravans from [asker_faction_name].</li>
    <li>questDescription(asker_royalInCurrentFaction==True,animalCount==1)->[asker_nameFull], a [asker_royalTitleInCurrentFaction] of [asker_faction_name], recently lost a scout to a manhunting [animalKind_label]. [asker_pronoun] wants to draw it towards you to be killed, to uphold [asker_possessive] honor.[endSection]</li>
    <li>manhunterArrivalLetterEnd(asker_royalInCurrentFaction==True,animalCount==1)->This is the [animalKind_label] that killed the scout of the [asker_royalTitleInCurrentFaction] [asker_nameFull] of [asker_faction_name].</li>
    <li>questDescription(asker_royalInCurrentFaction==True,animalCount>=2)->[asker_nameFull], a [asker_royalTitleInCurrentFaction] of [asker_faction_name], recently lost a scouting party to a pack of [animalCount] manhunting [animalKind_labelPlural]. [asker_pronoun] wants to draw the beasts towards you to be killed, to uphold [asker_possessive] honor.[endSection]</li>
    <li>manhunterArrivalLetterEnd(asker_royalInCurrentFaction==True,animalCount>=2)->These are the [animalKind_labelPlural] that killed the scouting party of the [asker_royalTitleInCurrentFaction] [asker_nameFull] of [asker_faction_name].</li>
  -->
  <ThreatReward_Manhunters_ItemPod.questDescriptionRules.rulesStrings>TODO</ThreatReward_Manhunters_ItemPod.questDescriptionRules.rulesStrings>
  <!-- EN:
    <li>questName(animalCount==1)->The [AdjectiveBadass] [beast]</li>
    <li>questName(animalCount==1)->A [AdjectiveBadass] [beast]</li>
    <li>questName(animalCount==1)->[AdjectiveBadass] [beast]</li>
    <li>questName(animalCount>=2)->The [AdjectiveBadass] [beasts]</li>
    <li>questName(animalCount>=2)->[AdjectiveBadass] [beasts]</li>
    <li>beast(p=4)->[animalKind_label]</li>
    <li>beast->beast</li>
    <li>beast->animal</li>
    <li>beasts(p=4)->[animalKind_labelPlural]</li>
    <li>beasts->beasts</li>
    <li>beasts->animals</li>
  -->
  <ThreatReward_Manhunters_ItemPod.questNameRules.rulesStrings>TODO</ThreatReward_Manhunters_ItemPod.questNameRules.rulesStrings>
  <!-- EN: {BASETEXT}\n\n[manhunterArrivalLetterEnd] -->
  <ThreatReward_Manhunters_ItemPod.LetterTextManhunterArrival.slateRef>TODO</ThreatReward_Manhunters_ItemPod.LetterTextManhunterArrival.slateRef>
  
  <!-- EN:
    <li>questDescription(askerIsNull==true)->A trader is calling from nearby. [threat] are hunting him! He is asking you to signal them and draw them towards [map_definite] so he can escape.\n\nIf you send the signal, [askerEnemies] will activate a site nearby to harass you. [site/allSitePartsDescriptions] This site will remain until you go destroy it.</li>
    <li>questDescription(asker_factionLeader==True)->[asker_nameFull], [asker_faction_leaderTitle] of [asker_faction_name], is asking for your help. [askerEnemies] have been harassing [asker_possessive] settlements. [asker_pronoun] wants your help using signals to draw them towards [map_definite] and away from [asker_possessive] people.\n\nIf [asker_pronoun] does, [askerEnemies] will activate a site nearby to harass you. [site/allSitePartsDescriptions] This site will remain until you go destroy it.</li>
    <li>questDescription(asker_royalInCurrentFaction==True)->[asker_nameFull], a [asker_royalTitleInCurrentFaction] of [asker_faction_name], is traveling near [map_definite]. [asker_pronoun] is being followed by [threat] and wants your help using signals to draw them towards [map_definite].\n\nIf you do, [askerEnemies] will activate a site nearby to harass you. [site/allSitePartsDescriptions] This site will remain until you go destroy it.</li>
    <li>threat(priority=1,site/Outpost_exists==True)->[site/enemyFaction_pawnsPlural] of [site/enemyFaction_name]</li>
    <li>threat(priority=1,site/MechCluster_exists==True)->mechanoids</li>
    <li>threat(priority=1,site/SleepingMechanoids_exists==True)->mechanoids</li>
    <li>threat->[asker_possessive] enemies</li>
    <li>threat(priority=-1)->his enemies</li>
    <li>askerEnemies(priority=1,site/Outpost_exists==True)->[site/enemyFaction_name]</li>
    <li>askerEnemies(priority=1,site/MechCluster_exists==True)->mechanoids</li>
    <li>askerEnemies(priority=1,site/SleepingMechanoids_exists==True)->mechanoids</li>
    <li>askerEnemies->[asker_possessive] enemies</li>
    <li>askerEnemies(priority=-1)->his enemies</li>
  -->
  <ThreatReward_SiteThreat_ItemPod.questDescriptionRules.rulesStrings>TODO</ThreatReward_SiteThreat_ItemPod.questDescriptionRules.rulesStrings>
  <!-- EN:
    <li>questName->[asker_nameDef]'s [site/site_label]</li>
    <li>questName->[site/site_label] for [asker_nameDef]</li>
    <li>questName->Paid [site/site_label]</li>
    <li>questName->[site/site_label] for Pay</li>
  -->
  <ThreatReward_SiteThreat_ItemPod.questNameRules.rulesStrings>TODO</ThreatReward_SiteThreat_ItemPod.questNameRules.rulesStrings>
  <!-- EN: [defaultSiteAppearedLetterText]\n\nThis site was set up as a response to your insulting signals. -->
  <ThreatReward_SiteThreat_ItemPod.LetterTextSiteAppeared.value.slateRef>TODO</ThreatReward_SiteThreat_ItemPod.LetterTextSiteAppeared.value.slateRef>
  
</LanguageData>