﻿<?xml version="1.0" encoding="UTF-8"?>
<LanguageData>
  
  <!-- EN: eltex helmet -->
  <Apparel_PsyfocusHelmet.label>TODO</Apparel_PsyfocusHelmet.label>
  <!-- EN: A lightweight helmet designed for psychic focusing. While it provides little physical protection, its special materials enhance the wearer's psychic sensitivity and dissipate neural heat. -->
  <Apparel_PsyfocusHelmet.description>TODO</Apparel_PsyfocusHelmet.description>
  
  <!-- EN: eltex robe -->
  <Apparel_PsyfocusRobe.label>TODO</Apparel_PsyfocusRobe.label>
  <!-- EN: A long robe embedded with special psychic focusing materials. These enhance psychic sensitivity and help dissipate neural heat. -->
  <Apparel_PsyfocusRobe.description>TODO</Apparel_PsyfocusRobe.description>
  
  <!-- EN: eltex shirt -->
  <Apparel_PsyfocusShirt.label>TODO</Apparel_PsyfocusShirt.label>
  <!-- EN: A shirt embedded with special psychic focusing materials. These enhance psychic sensitivity and help dissipate neural heat. -->
  <Apparel_PsyfocusShirt.description>TODO</Apparel_PsyfocusShirt.description>
  
  <!-- EN: eltex vest -->
  <Apparel_PsyfocusVest.label>TODO</Apparel_PsyfocusVest.label>
  <!-- EN: A thin vest embedded with special psychic focusing materials. These enhance psychic sensitivity and help dissipate neural heat. -->
  <Apparel_PsyfocusVest.description>TODO</Apparel_PsyfocusVest.description>
  
</LanguageData>