﻿<?xml version="1.0" encoding="UTF-8"?>
<LanguageData>
  
  <!-- EN: coronet -->
  <Apparel_Coronet.label>TODO</Apparel_Coronet.label>
  <!-- EN: A tiny crown-like piece of headwear made of metal. It marks the wearer as a noble with stature. -->
  <Apparel_Coronet.description>TODO</Apparel_Coronet.description>
  
  <!-- EN: corset -->
  <Apparel_Corset.label>TODO</Apparel_Corset.label>
  <!-- EN: An embroidered corset with strong wire support to maintain a ladylike shape. Appropriate for middle-upper-ranked noblewomen. -->
  <Apparel_Corset.description>TODO</Apparel_Corset.description>
  
  <!-- EN: crown -->
  <Apparel_Crown.label>TODO</Apparel_Crown.label>
  <!-- EN: A grand crown of metal with an elaborate design. Worn by upper-ranking nobles. -->
  <Apparel_Crown.description>TODO</Apparel_Crown.description>
  
  <!-- EN: ladies hat -->
  <Apparel_HatLadies.label>TODO</Apparel_HatLadies.label>
  <!-- EN: A dainty ladies' hat with complex embroidery. Appropriate for middle-ranked noblewomen. -->
  <Apparel_HatLadies.description>TODO</Apparel_HatLadies.description>
  
  <!-- EN: top hat -->
  <Apparel_HatTop.label>TODO</Apparel_HatTop.label>
  <!-- EN: A tall, stiff, shiny hat. Appropriate for middle-tier noblemen. -->
  <Apparel_HatTop.description>TODO</Apparel_HatTop.description>
  
  <!-- EN: royal robe -->
  <Apparel_RobeRoyal.label>TODO</Apparel_RobeRoyal.label>
  <!-- EN: A long flowing robe embroidered with complex decorative designs. Wildly impractical, its purpose is to mark the wearer as a powerful noble. -->
  <Apparel_RobeRoyal.description>TODO</Apparel_RobeRoyal.description>
  
  <!-- EN: ruffle shirt -->
  <Apparel_ShirtRuffle.label>TODO</Apparel_ShirtRuffle.label>
  <!-- EN: A ruffle-collared shirt with buttons. Appropriate for a noble. -->
  <Apparel_ShirtRuffle.description>TODO</Apparel_ShirtRuffle.description>
  
  <!-- EN: royal vest -->
  <Apparel_VestRoyal.label>TODO</Apparel_VestRoyal.label>
  <!-- EN: An embroidered vest which marks the wearer as one of noble power. Appropriate for middle-upper tier noblemen. -->
  <Apparel_VestRoyal.description>TODO</Apparel_VestRoyal.description>
  
</LanguageData>