﻿<?xml version="1.0" encoding="UTF-8"?>
<LanguageData>
  
  <!-- EN: cataphract armor -->
  <Apparel_ArmorCataphract.label>TODO</Apparel_ArmorCataphract.label>
  <!-- EN: A suit of heavy powered armor, built for maximum protection at the cost of mobility. Heavy layered plasteel-weave plates with solid ablative coatings stop all but the most well-aimed or powerful attacks. Neuro-memetic assistors prevent the suit's massive weight from immobilizing the wearer entirely, but the suit is still quite cumbersome.\n\nArmor like this is used by imperial cataphracts to break heavily fortified positions in frontal assaults when no other option is available. -->
  <Apparel_ArmorCataphract.description>TODO</Apparel_ArmorCataphract.description>
  
  <!-- EN: prestige cataphract armor -->
  <Apparel_ArmorCataphractPrestige.label>TODO</Apparel_ArmorCataphractPrestige.label>
  <!-- EN: A suit of heavy powered armor, built for maximum protection at the cost of mobility. Heavy layered plasteel-weave plates with solid ablative coatings stop all but the most well-aimed or powerful attacks. Neuro-memetic assistors prevent the suit's massive weight from immobilizing the wearer entirely, but the suit is still quite cumbersome.\n\nExpensive and beautiful, prestige armor like this is usually made for those of high status. Embedded eltex threads also enhance the wearer's psychic sensitivity. -->
  <Apparel_ArmorCataphractPrestige.description>TODO</Apparel_ArmorCataphractPrestige.description>
  
  <!-- EN: cataphract helmet -->
  <Apparel_ArmorHelmetCataphract.label>TODO</Apparel_ArmorHelmetCataphract.label>
  <!-- EN: A heavily-armored high-tech helmet, with a solid plasteel-weave shell and indirect visual system for non-frontal view angles. It protects against all but the most powerful or luckily-aimed shots.\n\nArmor like this is used by imperial cataphracts to break heavily fortified positions in frontal assaults when no other option is available. -->
  <Apparel_ArmorHelmetCataphract.description>TODO</Apparel_ArmorHelmetCataphract.description>
  
  <!-- EN: prestige cataphract helmet -->
  <Apparel_ArmorHelmetCataphractPrestige.label>TODO</Apparel_ArmorHelmetCataphractPrestige.label>
  <!-- EN: A heavily-armored high-tech helmet, with a solid plasteel-weave shell and indirect visual system for non-frontal view angles. It protects against all but the most powerful or luckily-aimed shots.\n\nExpensive and beautiful, prestige armor like this is usually made for those of high status. Embedded eltex threads also enhance the wearer's psychic sensitivity. -->
  <Apparel_ArmorHelmetCataphractPrestige.description>TODO</Apparel_ArmorHelmetCataphractPrestige.description>
  
  <!-- EN: prestige recon helmet -->
  <Apparel_ArmorHelmetReconPrestige.label>TODO</Apparel_ArmorHelmetReconPrestige.label>
  <!-- EN: A high-tech armored helmet with a built-in status computer and a protective plasteel-weave plate.\n\nExpensive and beautiful, prestige armor like this is usually made for those of high status. Embedded eltex threads also enhance the wearer's psychic sensitivity. -->
  <Apparel_ArmorHelmetReconPrestige.description>TODO</Apparel_ArmorHelmetReconPrestige.description>
  
  <!-- EN: prestige marine helmet -->
  <Apparel_ArmorMarineHelmetPrestige.label>TODO</Apparel_ArmorMarineHelmetPrestige.label>
  <!-- EN: A marine armor helmet, with a built-in status computer and layered plasteel-weave plates.\n\nExpensive and beautiful, prestige armor like this is usually made for those of high status. Embedded eltex threads also enhance the wearer's psychic sensitivity. -->
  <Apparel_ArmorMarineHelmetPrestige.description>TODO</Apparel_ArmorMarineHelmetPrestige.description>
  
  <!-- EN: prestige marine armor -->
  <Apparel_ArmorMarinePrestige.label>TODO</Apparel_ArmorMarinePrestige.label>
  <!-- EN: A suit of powered armor. Layered plasteel-weave plates are very effective at stopping attacks, with few vulnerable joint sections. Neuro-memetic assistors allow a human to wear the armor and still move easily.\n\nExpensive and beautiful, prestige armor like this is usually made for those of high status. Embedded eltex threads also enhance the wearer's psychic sensitivity. -->
  <Apparel_ArmorMarinePrestige.description>TODO</Apparel_ArmorMarinePrestige.description>
  
  <!-- EN: prestige recon armor -->
  <Apparel_ArmorReconPrestige.label>TODO</Apparel_ArmorReconPrestige.label>
  <!-- EN: A suit of light partially-powered armor, designed to permit quick movement. Plasteel-weave plates block attacks without compromising mobility, and neuro-memetic assistors in the lower body allow a human to wear the armor and still move easily.\n\nExpensive and beautiful, prestige armor like this is usually made for those of high status. Embedded eltex threads also enhance the wearer's psychic sensitivity. -->
  <Apparel_ArmorReconPrestige.description>TODO</Apparel_ArmorReconPrestige.description>
  
</LanguageData>