﻿<?xml version="1.0" encoding="UTF-8"?>
<LanguageData>
  
  <!-- EN: bullet shield -->
  <ShieldGeneratorBullets.label>TODO</ShieldGeneratorBullets.label>
  <!-- EN: A shielding device which projects a momentum repulsor field. Shots can go out, but not in.\n\nThis one is tuned to low angles, so it will block ground-level projectiles like bullets.\n\nThe unit can be temporarily disabled by EMP attacks, either by shocking the projector unit itself, or using EMP munitions on the shield. -->
  <ShieldGeneratorBullets.description>TODO</ShieldGeneratorBullets.description>
  
  <!-- EN: mortar shield -->
  <ShieldGeneratorMortar.label>TODO</ShieldGeneratorMortar.label>
  <!-- EN: A shielding device which projects a momentum repulsor field. Shots can go out, but not in.\n\nThis one is tuned to high angles, so it will block mortar rounds.\n\nThe unit can be temporarily disabled by EMP attacks, either by shocking the projector unit itself, or using EMP munitions on the shield. -->
  <ShieldGeneratorMortar.description>TODO</ShieldGeneratorMortar.description>
  
</LanguageData>