﻿<?xml version="1.0" encoding="UTF-8"?>
<LanguageData>
  
  <!-- EN: count-down activator -->
  <ActivatorCountdown.label>TODO</ActivatorCountdown.label>
  <!-- EN: A timed mechanoid activation unit. After counting down, it will wake nearby dormant mechanoids and structures. -->
  <ActivatorCountdown.description>TODO</ActivatorCountdown.description>
  
  <!-- EN: proximity activator -->
  <ActivatorProximity.label>TODO</ActivatorProximity.label>
  <!-- EN: A proximity alarm for dormant mechanoids. If it detects a human-like threat nearby, it will awaken any nearby dormant mechanoids or structures. -->
  <ActivatorProximity.description>TODO</ActivatorProximity.description>
  
</LanguageData>