﻿<?xml version="1.0" encoding="UTF-8"?>
<LanguageData>
  
  <!-- EN: auto-mortar -->
  <Artillery_AutoMortar.label>TODO</Artillery_AutoMortar.label>
  <!-- EN: auto-mortar -->
  <Artillery_AutoMortar.verbs.Verb_Shoot.label>TODO</Artillery_AutoMortar.verbs.Verb_Shoot.label>
  
  <!-- EN: mini-slug -->
  <Bullet_MiniSlug.label>TODO</Bullet_MiniSlug.label>
  
  <!-- EN: light charge blaster -->
  <Gun_ChargeBlasterHeavyTurret.label>TODO</Gun_ChargeBlasterHeavyTurret.label>
  <!-- EN: A pulse-charged rapid-fire blaster for area fire. -->
  <Gun_ChargeBlasterHeavyTurret.description>TODO</Gun_ChargeBlasterHeavyTurret.description>
  <!-- EN: barrel -->
  <Gun_ChargeBlasterHeavyTurret.tools.barrel.label>TODO</Gun_ChargeBlasterHeavyTurret.tools.barrel.label>
  <!-- EN: light charge blaster -->
  <Gun_ChargeBlasterHeavyTurret.verbs.Verb_Shoot.label>TODO</Gun_ChargeBlasterHeavyTurret.verbs.Verb_Shoot.label>
  
  <!-- EN: inferno cannon -->
  <Gun_InfernoCannonTurret.label>TODO</Gun_InfernoCannonTurret.label>
  <!-- EN: An incendiary-shot mini-artillery device. It fires a large incendiary warhead. -->
  <Gun_InfernoCannonTurret.description>TODO</Gun_InfernoCannonTurret.description>
  <!-- EN: barrel -->
  <Gun_InfernoCannonTurret.tools.barrel.label>TODO</Gun_InfernoCannonTurret.tools.barrel.label>
  <!-- EN: inferno cannon -->
  <Gun_InfernoCannonTurret.verbs.Verb_Shoot.label>TODO</Gun_InfernoCannonTurret.verbs.Verb_Shoot.label>
  
  <!-- EN: mini-slugger -->
  <Gun_MiniTurretMech.label>TODO</Gun_MiniTurretMech.label>
  <!-- EN: An automatic turret-mounted slug-thrower. -->
  <Gun_MiniTurretMech.description>TODO</Gun_MiniTurretMech.description>
  <!-- EN: mini-slugger -->
  <Gun_MiniTurretMech.verbs.Verb_Shoot.label>TODO</Gun_MiniTurretMech.verbs.Verb_Shoot.label>
  
  <!-- EN: auto charge turret -->
  <Turret_AutoChargeBlaster.label>TODO</Turret_AutoChargeBlaster.label>
  <!-- EN: A self-powered turret mounted with a charge blaster. It cannot sense targets at very short ranges. -->
  <Turret_AutoChargeBlaster.description>TODO</Turret_AutoChargeBlaster.description>
  
  <!-- EN: auto inferno turret -->
  <Turret_AutoInferno.label>TODO</Turret_AutoInferno.label>
  <!-- EN: A self-powered turret mounted with an inferno cannon. It cannot sense targets at very short ranges. -->
  <Turret_AutoInferno.description>TODO</Turret_AutoInferno.description>
  
  <!-- EN: mini-slugger turret -->
  <Turret_AutoMiniTurret.label>TODO</Turret_AutoMiniTurret.label>
  <!-- EN: A self-powered defense turret mounted with a weak but long-ranged slug-thrower. May explode when damaged. -->
  <Turret_AutoMiniTurret.description>TODO</Turret_AutoMiniTurret.description>
  
  <!-- EN: auto mortar -->
  <Turret_AutoMortar.label>TODO</Turret_AutoMortar.label>
  <!-- EN: A self-powered, self-loading, automatic mortar. It can hit targets at any distance, over walls, but is quite inaccurate. -->
  <Turret_AutoMortar.description>TODO</Turret_AutoMortar.description>
  
</LanguageData>