﻿<?xml version="1.0" encoding="UTF-8"?>
<LanguageData>
  
  <!-- EN: animus stone -->
  <AnimusStone.label>TODO</AnimusStone.label>
  <!-- EN: An ancient jade stone marked with sacred tribal carvings. Tribal psycasters can focus on these stones during meditation to increase their psyfocus gain more than a typical nature shrine.\n\nDifferent tribal cultures tell different stories about these stones, but most agree that they were crafted by an ancient world spirit during a time of great power. Since they look like natural objects to unobservant outsiders, raiders will generally ignore them. -->
  <AnimusStone.description>TODO</AnimusStone.description>
  
  <!-- EN: meditation spot -->
  <MeditationSpot.label>TODO</MeditationSpot.label>
  <!-- EN: Designates a spot for meditation. Psycasters can meditate here to gain psyfocus. If a focus object like a sculpture is nearby, the psycaster will be able to focus on it to boost their psyfocus gain. However, different people are able to use different focus objects. -->
  <MeditationSpot.description>TODO</MeditationSpot.description>
  
  <!-- EN: large nature shrine -->
  <NatureShrine_Large.label>TODO</NatureShrine_Large.label>
  <!-- EN: A large shrine for honoring spiritual beings. Tribal psycasters can focus on this shrine while meditating to increase psyfocus gain. Nature shrines lose their power if they are close to artificial structures, so they are always built in nature. Since they look like natural objects to unobservant outsiders, raiders will generally ignore them. -->
  <NatureShrine_Large.description>TODO</NatureShrine_Large.description>
  
  <!-- EN: small nature shrine -->
  <NatureShrine_Small.label>TODO</NatureShrine_Small.label>
  <!-- EN: A small shrine for honoring spiritual beings. Tribal psycasters can focus on this shrine while meditating to increase psyfocus gain. Nature shrines lose their power if they are close to artificial structures, so they are always built in nature. Since they look like natural objects to unobservant outsiders, raiders will generally ignore them. -->
  <NatureShrine_Small.description>TODO</NatureShrine_Small.description>
  
  <!-- EN: ship landing beacon -->
  <ShipLandingBeacon.label>TODO</ShipLandingBeacon.label>
  <!-- EN: Marks the corner of a landing area. Four of these placed at the corners of a clear area (minimum 9x9) create a landing pad. Spacecraft usually land on pads if possible. -->
  <ShipLandingBeacon.description>TODO</ShipLandingBeacon.description>
  
</LanguageData>