﻿<?xml version="1.0" encoding="UTF-8"?>
<LanguageData>
  
  <!-- EN: mech assembler -->
  <MechAssembler.label>TODO</MechAssembler.label>
  <!-- EN: An automated mechanoid factory. It periodically assembles and deploys new mechanoids. -->
  <MechAssembler.description>TODO</MechAssembler.description>
  
  <!-- EN: mech capsule -->
  <MechCapsule.label>TODO</MechCapsule.label>
  <!-- EN: A mechanoid storage and deployment capsule. It can contain a number of mechanoids, ready to emerge and fight upon being awakened. -->
  <MechCapsule.description>TODO</MechCapsule.description>
  
  <!-- EN: mech drop beacon -->
  <MechDropBeacon.label>TODO</MechDropBeacon.label>
  <!-- EN: A mechanoid reinforcement drop beacon. When activated, it calls in a group of mechs to land in drop pods nearby. -->
  <MechDropBeacon.description>TODO</MechDropBeacon.description>
  
</LanguageData>