﻿<?xml version="1.0" encoding="UTF-8"?>
<LanguageData>
  
  <!-- EN: brazier -->
  <Brazier.label>TODO</Brazier.label>
  <!-- EN: A bowl-shaped furnishing used to hold a fire. Will light the surroundings and create heat. -->
  <Brazier.description>TODO</Brazier.description>
  
  <!-- EN: drape -->
  <Drape.label>TODO</Drape.label>
  <!-- EN: A decorative sheet hanging from a vertical wooden frame. Appropriate for royal rooms. -->
  <Drape.description>TODO</Drape.description>
  
  <!-- EN: grand meditation throne -->
  <GrandThrone.label>TODO</GrandThrone.label>
  <!-- EN: A massive, ornate chair, designed for a dignity-focused psycaster to sit and meditate. Reigning on a throne is a form of meditation that builds up psyfocus. For dignity psycasters, more impressive meditation thrones and thronerooms increase the rate of psyfocus gain. -->
  <GrandThrone.description>TODO</GrandThrone.description>
  
  <!-- EN: meditation throne -->
  <Throne.label>TODO</Throne.label>
  <!-- EN: A large, ornate chair designed for a dignity-focused psycaster to sit and meditate. Reigning on a throne is a form of meditation that builds up psyfocus. For dignity psycasters, more impressive meditation thrones and thronerooms increase the rate of psyfocus gain. -->
  <Throne.description>TODO</Throne.description>
  
</LanguageData>