﻿<?xml version="1.0" encoding="UTF-8"?>
<LanguageData>
  
  <!-- EN: harp -->
  <Harp.label>TODO</Harp.label>
  <!-- EN: A simple stationary musical instrument. A row of strings are stretched over a frame and plucked directly by a musician's fingers.\n\nIt can be crafted at a crafting spot or smithy. -->
  <Harp.description>TODO</Harp.description>
  
  <!-- EN: harpsichord -->
  <Harpsichord.label>TODO</Harpsichord.label>
  <!-- EN: A complex stationary musical instrument crafted at a smithy. A musician touches a row of keys on the front of the instrument. Each key is attached to an internal mechanism which plucks one of a row of strings stretched over a wooden frame. While it permits more complex composition than the harp, its wooden construction and plucking mechanism limit its output volume and expressiveness. -->
  <Harpsichord.description>TODO</Harpsichord.description>
  
  <!-- EN: piano -->
  <Piano.label>TODO</Piano.label>
  <!-- EN: An advanced stationary musical instrument. It is played by pressing a row of keys, which causes hammers to strike internal strings stretched over a steel frame. The hammer mechanism and high-tension strings allow the musician to play both very soft and very loud, making the piano a very expressive instrument.\n\nIt can be crafted at a smithy. -->
  <Piano.description>TODO</Piano.description>
  
  <!-- EN: unfinished musical instrument -->
  <UnfinishedMusicalInstrument.label>TODO</UnfinishedMusicalInstrument.label>
  <!-- EN: An unfinished musical instrument. -->
  <UnfinishedMusicalInstrument.description>TODO</UnfinishedMusicalInstrument.description>
  
  <!-- EN: unfinished piano -->
  <UnfinishedPiano.label>TODO</UnfinishedPiano.label>
  <!-- EN: An unfinished piano. -->
  <UnfinishedPiano.description>TODO</UnfinishedPiano.description>
  
</LanguageData>