﻿<?xml version="1.0" encoding="UTF-8"?>
<LanguageData>
  
  <!-- EN: bullet shield -->
  <BulletShieldPsychic.label>TODO</BulletShieldPsychic.label>
  
  <!-- EN: flashstorm -->
  <Flashstorm.label>TODO</Flashstorm.label>
  
  <!-- EN: monument marker -->
  <MonumentMarker.label>TODO</MonumentMarker.label>
  <!-- EN: Marks the place where you intend to build a monument. Once placed, this cannot be moved. -->
  <MonumentMarker.description>TODO</MonumentMarker.description>
  
</LanguageData>