﻿<?xml version="1.0" encoding="UTF-8"?>
<LanguageData>
  
  <!-- EN: persona monosword -->
  <MeleeWeapon_MonoSwordBladelink.label>TODO</MeleeWeapon_MonoSwordBladelink.label>
  <!-- EN: A crystal-metallic longsword infused with mechanites that maintain a mono-molecular cutting edge. It cuts through even thick armor with ease, while its light weight and onboard persona permit extremely fast attacks.\n\nThis weapon has an onboard persona that can bond to only a single person. The wielder and intelligent weapon can synchronize their reflexes and attack with frightening speed, accuracy, and creativity. Once bonded to a wielder, the weapon's persona will refuse to be wielded by anyone else. -->
  <MeleeWeapon_MonoSwordBladelink.description>TODO</MeleeWeapon_MonoSwordBladelink.description>
  <!-- EN: handle -->
  <MeleeWeapon_MonoSwordBladelink.tools.handle.label>TODO</MeleeWeapon_MonoSwordBladelink.tools.handle.label>
  <!-- EN: point -->
  <MeleeWeapon_MonoSwordBladelink.tools.point.label>TODO</MeleeWeapon_MonoSwordBladelink.tools.point.label>
  <!-- EN: edge -->
  <MeleeWeapon_MonoSwordBladelink.tools.edge.label>TODO</MeleeWeapon_MonoSwordBladelink.tools.edge.label>
  
  <!-- EN: persona plasmasword -->
  <MeleeWeapon_PlasmaSwordBladelink.label>TODO</MeleeWeapon_PlasmaSwordBladelink.label>
  <!-- EN: A metal-cored sword with a cutting edge. Plasma is wrapped around the core, held in place by an energy field. Targets are both sliced by the metal core, as well as burned or ignited by the plasma sheath.\n\nThis weapon has an onboard persona that can bond to only a single person. The wielder and intelligent weapon can synchronize their reflexes and attack with frightening speed, accuracy, and creativity. Once bonded to a wielder, the weapon's persona will refuse to be wielded by anyone else. -->
  <MeleeWeapon_PlasmaSwordBladelink.description>TODO</MeleeWeapon_PlasmaSwordBladelink.description>
  <!-- EN: handle -->
  <MeleeWeapon_PlasmaSwordBladelink.tools.handle.label>TODO</MeleeWeapon_PlasmaSwordBladelink.tools.handle.label>
  <!-- EN: point -->
  <MeleeWeapon_PlasmaSwordBladelink.tools.point.label>TODO</MeleeWeapon_PlasmaSwordBladelink.tools.point.label>
  <!-- EN: edge -->
  <MeleeWeapon_PlasmaSwordBladelink.tools.edge.label>TODO</MeleeWeapon_PlasmaSwordBladelink.tools.edge.label>
  
  <!-- EN: persona zeushammer -->
  <MeleeWeapon_ZeusHammerBladelink.label>TODO</MeleeWeapon_ZeusHammerBladelink.label>
  <!-- EN: A warhammer with an embedded EMP capacitor. Upon impact, it blasts the target with an EMP burst in addition to the physical damage.\n\nThis weapon has an onboard persona that can bond to only a single person. The wielder and intelligent weapon can synchronize their reflexes and attack with frightening speed, accuracy, and creativity. Once bonded to a wielder, the weapon's persona will refuse to be wielded by anyone else. -->
  <MeleeWeapon_ZeusHammerBladelink.description>TODO</MeleeWeapon_ZeusHammerBladelink.description>
  <!-- EN: handle -->
  <MeleeWeapon_ZeusHammerBladelink.tools.handle.label>TODO</MeleeWeapon_ZeusHammerBladelink.tools.handle.label>
  <!-- EN: head -->
  <MeleeWeapon_ZeusHammerBladelink.tools.head.label>TODO</MeleeWeapon_ZeusHammerBladelink.tools.head.label>
  
</LanguageData>