﻿<?xml version="1.0" encoding="UTF-8"?>
<LanguageData>
  
  <!-- EN: Mote -->
  <Mote_CastPsycast.label>TODO</Mote_CastPsycast.label>
  
  <!-- EN: Mote -->
  <Mote_EntropyPulse.label>TODO</Mote_EntropyPulse.label>
  
  <!-- EN: Mote -->
  <Mote_MechDropBeaconActivated.label>TODO</Mote_MechDropBeaconActivated.label>
  
  <!-- EN: Mote -->
  <Mote_Music.label>TODO</Mote_Music.label>
  
  <!-- EN: Mote -->
  <Mote_ProximityScannerActivated.label>TODO</Mote_ProximityScannerActivated.label>
  
  <!-- EN: Mote -->
  <Mote_ProximityScannerRadius.label>TODO</Mote_ProximityScannerRadius.label>
  
  <!-- EN: Mote -->
  <Mote_PsycastSkipEffect.label>TODO</Mote_PsycastSkipEffect.label>
  
  <!-- EN: Mote -->
  <Mote_PsycastSkipEffectSource.label>TODO</Mote_PsycastSkipEffectSource.label>
  
  <!-- EN: Mote -->
  <Mote_PsycastSkipLine.label>TODO</Mote_PsycastSkipLine.label>
  
  <!-- EN: Mote -->
  <Mote_PsychicLinkLine.label>TODO</Mote_PsychicLinkLine.label>
  
  <!-- EN: Mote -->
  <Mote_PsychicLinkPulse.label>TODO</Mote_PsychicLinkPulse.label>
  
  <!-- EN: Mote -->
  <Mote_PsyfocusPulse.label>TODO</Mote_PsyfocusPulse.label>
  
  <!-- EN: Mote -->
  <Mote_WaterskipSplashParticles.label>TODO</Mote_WaterskipSplashParticles.label>
  
</LanguageData>