﻿<?xml version="1.0" encoding="UTF-8"?>
<LanguageData>
  
  <!-- EN: anima grass -->
  <Plant_GrassAnima.label>TODO</Plant_GrassAnima.label>
  <!-- EN: A grass infused with luminous microorganisms. Tribal peoples find that anima grass grows around the base of an anima tree as they meditate. It seems to reflect some kind of strengthening of the tree's psychic power.\n\nOffworld scientists have tried to study the phenomenon, but the grass degenerates into normal plant matter when observed too closely.\n\nAnimals refuse eat anima grass. Tribal stories say this is done out of respect and fear. -->
  <Plant_GrassAnima.description>TODO</Plant_GrassAnima.description>
  
  <!-- EN: anima tree -->
  <Plant_TreeAnima.label>TODO</Plant_TreeAnima.label>
  <!-- EN: A rare tree with warm, skin-smooth bark and long iridescent leaves. Infused with bioluminescent micro-organisms, anima trees develop a unique form of psychic symbiosis with surrounding lifeforms, allowing them to grow in a wide variety of biomes.\n\nIf a person (psycaster or not) meditates near an anima tree, it will grow anima grass around its base. Once enough grass is grown, it becomes possible to carry out a psychic linking ritual with the tree and upgrade a person's psychic powers. Only tribal peoples know the secret of this ritual. Tribal psycasters are also able to draw psyfocus from anima trees while meditating to them.\n\nAnima trees' psychic properties are weakened if artificial structures are placed nearby. They refuse to be caged or studied, and must remain part of nature.\n\nMost tribes believe that anima trees are not simply trees, but are rather the physical extremities of a single world spirit. -->
  <Plant_TreeAnima.description>TODO</Plant_TreeAnima.description>
  <!-- EN: About: Anima tree linking -->
  <Plant_TreeAnima.comps.CompPsylinkable.enoughPlantsLetterLabel>TODO</Plant_TreeAnima.comps.CompPsylinkable.enoughPlantsLetterLabel>
  <!-- EN: The anima tree now has {0} anima grass around it. This is enough for a tribal person to begin their first linking ritual!\n\nThe linking ritual gives a level of psylink and the ability to use psychic powers. Upgrading to a higher level requires more grass at each level.\n\nThe anima grass requirements for linking rituals to upgrade psycasters are:\n\n{1}\n\nNote: Only those with the nature focus type can meditate to or link with anima trees. You can see a person’s focus types by looking at their info card with the ‘i’ button. -->
  <Plant_TreeAnima.comps.CompPsylinkable.enoughPlantsLetterText>TODO</Plant_TreeAnima.comps.CompPsylinkable.enoughPlantsLetterText>
  <!-- EN: The anima tree has died and emitted a disturbing psychic scream. -->
  <Plant_TreeAnima.comps.CompGiveThoughtToAllMapPawnsOnDestroy.message>TODO</Plant_TreeAnima.comps.CompGiveThoughtToAllMapPawnsOnDestroy.message>
  
</LanguageData>