﻿<?xml version="1.0" encoding="UTF-8"?>
<LanguageData>
  
  <!-- EN: eltex helmet -->
  <Apparel_PsyfocusHelmet.label>TODO</Apparel_PsyfocusHelmet.label>
  <!-- EN: A lightweight helmet designed for psychic focusing. While it provides little physical protection, its special materials enhance the wearer's psychic sensitivity and dissipate neural heat. -->
  <Apparel_PsyfocusHelmet.description>NL: Een lichtgewicht helm. Design voor upfocus. Het geeft weinig fysieke bescherming, maar de speciale materialen versterken de psy sensitiviteit en voeren neura hitte af. </Apparel_PsyfocusHelmet.description>
  
  <!-- EN: eltex robe -->
  <Apparel_PsyfocusRobe.label>NL: eltex robe</Apparel_PsyfocusRobe.label>
  <!-- EN: A long robe embedded with special psychic focusing materials. These enhance psychic sensitivity and help dissipate neural heat. -->
  <Apparel_PsyfocusRobe.description>NL: Een lange robe, ingelegd met speciale upfocus materialen. Deze toegevoegde psy sensitiviteit helpt neurale hitte afvoeren. </Apparel_PsyfocusRobe.description>
  
  <!-- EN: eltex shirt -->
  <Apparel_PsyfocusShirt.label>NL: eltex shirt </Apparel_PsyfocusShirt.label>
  <!-- EN: A shirt embedded with special psychic focusing materials. These enhance psychic sensitivity and help dissipate neural heat. -->
  <Apparel_PsyfocusShirt.description>NL: Een shirt ingelegd met speciale upfocus materialen. Deze versterken psy sensitivteit en helpen neuro-hitte af te voeren. </Apparel_PsyfocusShirt.description>
  
  <!-- EN: eltex vest -->
  <Apparel_PsyfocusVest.label>NL: eltex vest </Apparel_PsyfocusVest.label>
  <!-- EN: A thin vest embedded with special psychic focusing materials. These enhance psychic sensitivity and help dissipate neural heat. -->
  <Apparel_PsyfocusVest.description>NL: Een dun vest, ingelegd met speciale upfocus materialen. Deze helpt upfocus en voert neuro-hitte af. </Apparel_PsyfocusVest.description>
  
</LanguageData>
