﻿<?xml version="1.0" encoding="UTF-8"?>
<LanguageData>
  
  <!-- EN: coronet -->
  <Apparel_Coronet.label>NL: kornet </Apparel_Coronet.label>
  <!-- EN: A tiny crown-like piece of headwear made of metal. It marks the wearer as a noble with stature. -->
  <Apparel_Coronet.description>NL: Een klein kroon-achtig stuk hoofddracht, gemaakt van metaal. Het merkeert de drager als nobiliteit met status. </Apparel_Coronet.description>
  
  <!-- EN: corset -->
  <Apparel_Corset.label>NL: korset </Apparel_Corset.label>
  <!-- EN: An embroidered corset with strong wire support to maintain a ladylike shape. Appropriate for middle-upper-ranked noblewomen. -->
  <Apparel_Corset.description>NL: Een geborduurd korset met draden steun om een dames-achtig voorkomen te geven. Gepast voor middel-planeet hogere nobiliteit. </Apparel_Corset.description>
  
  <!-- EN: crown -->
  <Apparel_Crown.label>NL: kroon </Apparel_Crown.label>
  <!-- EN: A grand crown of metal with an elaborate design. Worn by upper-ranking nobles. -->
  <Apparel_Crown.description>NL: Een gigantische kroon van metaal met uitgebreid ontwerp. Gedragen door hogere rangen nobiliteit. </Apparel_Crown.description>
  
  <!-- EN: ladies hat -->
  <Apparel_HatLadies.label>dames hoed</Apparel_HatLadies.label>
  <!-- EN: A dainty ladies' hat with complex embroidery. Appropriate for middle-ranked noblewomen. -->
  <Apparel_HatLadies.description>NL: Een Dolinger dameshoed met complex blasoir. Passend bij tussen-planeet nobela. </Apparel_HatLadies.description>
  
  <!-- EN: top hat -->
  <Apparel_HatTop.label>NL: top hoed </Apparel_HatTop.label>
  <!-- EN: A tall, stiff, shiny hat. Appropriate for middle-tier noblemen. -->
  <Apparel_HatTop.description>NL: Een lange stijve en glanzende hoed. Geschikt voor midden-klasse nobelen. </Apparel_HatTop.description>
  
  <!-- EN: royal robe -->
  <Apparel_RobeRoyal.label>NL: adellijke robe </Apparel_RobeRoyal.label>
  <!-- EN: A long flowing robe embroidered with complex decorative designs. Wildly impractical, its purpose is to mark the wearer as a powerful noble. -->
  <Apparel_RobeRoyal.description>NL: Een lange, vloeiende robe, emblasoir met complex doceratief design. Wild onpraktisch, het doel is de drager te markeren als krachtige nobele. </Apparel_RobeRoyal.description>
  
  <!-- EN: ruffle shirt -->
  <Apparel_ShirtRuffle.label>NL: rib shirt </Apparel_ShirtRuffle.label>
  <!-- EN: A ruffle-collared shirt with buttons. Appropriate for a noble. -->
  <Apparel_ShirtRuffle.description>NL: Een rib-kraag shirt met knopen. Passend bij nobiliteit. </Apparel_ShirtRuffle.description>
  
  <!-- EN: royal vest -->
  <Apparel_VestRoyal.label>NL: adellijk vest </Apparel_VestRoyal.label>
  <!-- EN: An embroidered vest which marks the wearer as one of noble power. Appropriate for middle-upper tier noblemen. -->
  <Apparel_VestRoyal.description>NL: Een emblasoir vest markeert de drager als nobiliteit. Gepast voor midden-boven klasse nobelen. </Apparel_VestRoyal.description>
  
</LanguageData>
