﻿<?xml version="1.0" encoding="UTF-8"?>
<LanguageData>
  
  <!-- EN: cataphract armor -->
  <Apparel_ArmorCataphract.label>TODO</Apparel_ArmorCataphract.label>
  <!-- EN: A suit of heavy powered armor, built for maximum protection at the cost of mobility. 
Heavy layered plasteel-weave plates with solid ablative coatings stop all but the most well-aimed or powerful attacks. 
Neuro-memetic assistors prevent the suit's massive weight from immobilizing the wearer entirely, but the suit is still quite cumbersome.\n\n
Armor like this is used by imperial cataphracts to break heavily fortified positions in frontal assaults when no other option is available. -->
  <Apparel_ArmorCataphract.description>Een hevig aangedreven pantser, gebouwd voor maximale bescherming, ten kostte van mobiliteit. Hevig gelaagd plasteel plaat met solide laklaag stopt alles, behalve de meest goed gemikte of krachtige aanvallen. 
Neuro-memetiek assistentie weerhoudt het pak. De gebruiker is mogelijk de keizer. De keizerlijke cataphract zal door hevige fortificaties breken wanneer geen andere optie voorhanden is. </Apparel_ArmorCataphract.description>
  
  <!-- EN: prestige cataphract armor -->
  <Apparel_ArmorCataphractPrestige.label>NL: prestige cataphract pantser </Apparel_ArmorCataphractPrestige.label>
  <!-- EN: A suit of heavy powered armor, built for maximum protection at the cost of mobility. 
Heavy layered plasteel-weave plates with solid ablative coatings stop all but the most well-aimed or powerful attacks. 
Neuro-memetic assistors prevent the suit's massive weight from immobilizing the wearer entirely, but the suit is still quite cumbersome.\n\n
Expensive and beautiful, prestige armor like this is usually made for those of high status. Embedded eltex threads also enhance the wearer's psychic sensitivity. -->
  <Apparel_ArmorCataphractPrestige.description>NL: Een pantser in een pak, gebouwd voor maximale bescherming ten kostte van mobiliteit. 
Hevige lagen plasteel plaat met solide laklaag, stoppen alle, behalve de best-gemikte of krachtige aanvallen. 
Neuro-memetiek assistentie ondersteund zodat het massieve pak u niet volledig zal stoppen. Echter, het pak is nog steeds keizerlijk. 
Duur en prachtig, prestige pantser bijpassend uw status. Ingelegd eltex voor de psy. </Apparel_ArmorCataphractPrestige.description>
  
  <!-- EN: cataphract helmet -->
  <Apparel_ArmorHelmetCataphract.label>NL: cataphract helm </Apparel_ArmorHelmetCataphract.label>
  <!-- EN: A heavily-armored high-tech helmet, with a solid plasteel-weave shell and indirect visual system for non-frontal view angles. 
It protects against all but the most powerful or luckily-aimed shots.\n\n
Armor like this is used by imperial cataphracts to break heavily fortified positions in frontal assaults when no other option is available. -->
  <Apparel_ArmorHelmetCataphract.description>NL: Een hevig-pantser hoog-tech helm, plasteel huid en indirect visueel systeem voor niet-frontale hoeken. 
Beschermt tegen alle, behalve de meest krachtige mazzelschoten. </Apparel_ArmorHelmetCataphract.description>
  
  <!-- EN: prestige cataphract helmet -->
  <Apparel_ArmorHelmetCataphractPrestige.label>NL: prestige cataphract helm </Apparel_ArmorHelmetCataphractPrestige.label>
  <!-- EN: A heavily-armored high-tech helmet, with a solid plasteel-weave shell and indirect visual system for non-frontal view angles. 
It protects against all but the most powerful or luckily-aimed shots.\n\nExpensive and beautiful, prestige armor like this is usually made for those of high status. 
Embedded eltex threads also enhance the wearer's psychic sensitivity. -->
  <Apparel_ArmorHelmetCataphractPrestige.description>NL: Een hevig-pantser hoog-tech helm, plasteel huid en indirect visueel systeem voor niet-frontale hoeken. 
Beschermt tegen alle, behalve de meest krachtige mazzelschoten. Duur en gorgantisch, zulk prestige pantser is normaliter voor hen van de hoogste status. 
Ingelegd eltex helpt richting psy. </Apparel_ArmorHelmetCataphractPrestige.description>
  
  <!-- EN: prestige recon helmet -->
  <Apparel_ArmorHelmetReconPrestige.label>NL: prestige verkenning helm</Apparel_ArmorHelmetReconPrestige.label>
  <!-- EN: A high-tech armored helmet with a built-in status computer and a protective plasteel-weave plate.\n\nExpensive and beautiful, 
prestige armor like this is usually made for those of high status. Embedded eltex threads also enhance the wearer's psychic sensitivity. -->
  <Apparel_ArmorHelmetReconPrestige.description>NL: Een deels aangedreven pantser helm. Ingebouwde status computer en plasteel in de platen. Duur en prachtig, zulk prestige pantser is mogelijk met de zeer hoge status. Ingelegd eltex, pantser voor de psy. </Apparel_ArmorHelmetReconPrestige.description>
  
  <!-- EN: prestige marine helmet -->
  <Apparel_ArmorMarineHelmetPrestige.label>NL: prestige marine helm </Apparel_ArmorMarineHelmetPrestige.label>
  <!-- EN: A marine armor helmet, with a built-in status computer and layered plasteel-weave plates.\n\nExpensive and beautiful, 
prestige armor like this is usually made for those of high status. Embedded eltex threads also enhance the wearer's psychic sensitivity. -->
  <Apparel_ArmorMarineHelmetPrestige.description>NL: Een marine pantser helm. Ingebouwde status computer en gelaagd plasteel in de platen. Duur en mooi, zulk prestige pantser is mogelijk met de zeer hoge status. Ingelegd eltex, pantser voor de psy. </Apparel_ArmorMarineHelmetPrestige.description>
  
  <!-- EN: prestige marine armor -->
  <Apparel_ArmorMarinePrestige.label>NL: prestige marine pantser </Apparel_ArmorMarinePrestige.label>
  <!-- EN: A suit of powered armor. Layered plasteel-weave plates are very effective at stopping attacks, with few vulnerable joint sections. 
Neuro-memetic assistors allow a human to wear the armor and still move easily.\n\nExpensive and beautiful, 
prestige armor like this is usually made for those of high status. 
Embedded eltex threads also enhance the wearer's psychic sensitivity. -->
  <Apparel_ArmorMarinePrestige.description>NL: Een pak aangedreven pantser. Gelaagd plasteel in de platen. Zorgt voor zeer effectief stoppen van aanvallen. Slechts enkele gewrichten blijven kwetsbaar. Neuro-memetiek assistentie laten u het pantser dragen en toch nog vrij bewegen. Duur en mooi, zulk prestige pantser is mogelijk met de zeer hoge status. Ingelegd eltex, pantser voor de psy. </Apparel_ArmorMarinePrestige.description>
  
  <!-- EN: prestige recon armor -->
  <Apparel_ArmorReconPrestige.label>NL: prestige verkenning pantser</Apparel_ArmorReconPrestige.label>
  <!-- EN: A suit of light partially-powered armor, designed to permit quick movement. 
Plasteel-weave plates block attacks without compromising mobility, 
and neuro-memetic assistors in the lower body allow a human to wear the armor and still move easily.\n\n
Expensive and beautiful, prestige armor like this is usually made for those of high status. 
Embedded eltex threads also enhance the wearer's psychic sensitivity. -->
  <Apparel_ArmorReconPrestige.description>NL: Een pak van licht en deels aangedreven pantser, design voor snelle beweging. Plasteel in de platen blokkeert aanvallen zonder de mobiliteit aan te tasten. Neuro-memetiek assisteert in het onderlichaam zodat u het pantser kunt dragen en nog steeds makkelijk kunt bewegen. Duur en prachtig, zoals prestige pantser zoals dit gebruikelijk gemaakt wordt voor zij die een hoge status hebben bereikt. Ingelegd eltex, pantser voor de psy. </Apparel_ArmorReconPrestige.description>
  
</LanguageData>
