﻿<?xml version="1.0" encoding="UTF-8"?>
<LanguageData>
  
  <!-- EN: bullet shield -->
  <ShieldGeneratorBullets.label>TODO</ShieldGeneratorBullets.label>
  <!-- EN: A shielding device which projects a momentum repulsor field. Shots can go out, but not in.
\n\nThis one is tuned to low angles, so it will block ground-level projectiles like bullets.
\n\nThe unit can be temporarily disabled by EMP attacks, either by shocking the projector unit itself, or using EMP munitions on the shield. -->
  <ShieldGeneratorBullets.description>NL: Een schildgenerator projecteert afschrikmomenten, schoten kunnen naar buiten, maar niet naar binnen. 
Deze is afgesteld op lage hoeken, daardoor zal een laagvliegend projectiel, zoals een kogel, afgeweerd worden. De unit kan uitvallen door EMP aanvallen, mogelijk door schokken van de projector zelf, of door EMP aanvallen naar het schild. </ShieldGeneratorBullets.description>
  
  <!-- EN: mortar shield -->
  <ShieldGeneratorMortar.label>NL: mortier schild </ShieldGeneratorMortar.label>
  <!-- EN: A shielding device which projects a momentum repulsor field. Shots can go out, but not in.\n\nThis one is tuned to high angles, so it will block mortar rounds.\n\nThe unit can be temporarily disabled by EMP attacks, either by shocking the projector unit itself, or using EMP munitions on the shield. -->
  <ShieldGeneratorMortar.description>NL: Een bepantsering, projecteerd een afschrikker per moment. Schoten kunnen naar buiten, maar niet naar binnen. Deze staat op hoge hoeken ingesteld, het zal mortier dus verjagen. De unit kan EMP aanvallen niet weerstaan. Deze zullen schokken veroorzaken of de projector zelf beschadigen. EMP munitie zou dus door het schild kunnen komen.  </ShieldGeneratorMortar.description>
  
</LanguageData>
