﻿<?xml version="1.0" encoding="UTF-8"?>
<LanguageData>
  
  <!-- EN: count-down activator -->
  <ActivatorCountdown.label>NL: countdown activator </ActivatorCountdown.label>
  <!-- EN: A timed mechanoid activation unit. After counting down, it will wake nearby dormant mechanoids and structures. -->
  <ActivatorCountdown.description>NL: Een mechanoid activatie unit op een timer. Na countdown, zal sluimerende mechanoid en structuur doen ontwaken. </ActivatorCountdown.description>
  
  <!-- EN: proximity activator -->
  <ActivatorProximity.label>NL: proxy activator</ActivatorProximity.label>
  <!-- EN: A proximity alarm for dormant mechanoids. If it detects a human-like threat nearby, it will awaken any nearby dormant mechanoids or structures. -->
  <ActivatorProximity.description>NL: Een proxy alarm voor sluimerende mechanoid. Detecteerd menselijke bedreiging in de buurt. Zal ontwaken nabij sluimerende mechanoid of structuur. </ActivatorProximity.description>
  
</LanguageData>
