﻿<?xml version="1.0" encoding="UTF-8"?>
<LanguageData>
  
  <!-- EN: defoliator -->
  <Defoliator.label>defoliator</Defoliator.label>
  <!-- EN: An area-denial device which annihilates nearby plants without affecting animals.\n\nIn planetary wars, 
these weapons are scattered across farmlands or jungles to deny the enemy food or cover. They're usually associated with orbital-drop mechanoid swarms. -->
  <Defoliator.description>NL: Een defoliator. Weigert toegang. vernietigd planten dichtbij zonder effect op dieren. Tijdens planetaire oorlogen werden deze wapens verspreid over boerderijen en/of jungles om de vijand voedsel en/of beschutting te ontnemen. </Defoliator.description>
  
  <!-- EN: unstable power cell -->
  <UnstablePowerCell.label>NL: instabiele krachtcel</UnstablePowerCell.label>
  <!-- EN: A mechanoid power generation unit. The vanometric power core will run forever, extracting energy from quantum foam fluctuations.
\n\nAn internal amplifier system makes it unstable. If damaged, the unit will generate a massive explosion.
\n\nSome brave humans steal these from mechanoids for their own use as power plants or defensive bombs. 
However, an unintentional detonation can be devastating. -->
  <UnstablePowerCell.description>NL: Een mechanoid krachtgenerator. De vanometrische kracht kern zal voor altijd lopen. Energie halen uit quantum schuim fluctuatie. Een intern amplificatie systeem maakt dit instabiel. Wanneer beschadigd, zal de unit een massieve explosie teweeg brengen. Enkele heldhaftige mensen stelen deze van mechanoid voor hun eigen gebruik, of om krachtcentrales voor defensieve bommen aan te drijven. </UnstablePowerCell.description>
  
</LanguageData>
