﻿<?xml version="1.0" encoding="UTF-8"?>
<LanguageData>
  
  <!-- EN: harp -->
  <Harp.label>NL: harp </Harp.label>
  <!-- EN: A simple stationary musical instrument. A row of strings are stretched over a frame and plucked directly by a musician's fingers.\n\nIt can be crafted at a crafting spot or smithy. -->
  <Harp.description>NL: Een simpel stationair muziek instrument. Een set snaren is gespannen over een frame en wordt direct bespeeld door de vingers van de muzikant. Het instrument kan vervaardigd worden bij een kraftput of smidse. </Harp.description>
  
  <!-- EN: harpsichord -->
  <Harpsichord.label>NL: harpischord </Harpsichord.label>
  <!-- EN: A complex stationary musical instrument crafted at a smithy. A musician touches a row of keys on the front of the instrument. Each key is attached to an internal mechanism which plucks one of a row of strings stretched over a wooden frame. While it permits more complex composition than the harp, its wooden construction and plucking mechanism limit its output volume and expressiveness. -->
  <Harpsichord.description>NL: Een complex-stationair muziek-instrument, vervaardigd bij de smidse. Een muzikant toucheert een set toetsen aan de voozijde van het instrument. Elke toets is gekoppeld aan een intern mechanisme, het plukt één der set snaren, gespannen over een houten frame. Tegelijkertijd staat deze meer complex dan de harp. De houten constructie geeft een ander volume en expressiviteit. </Harpsichord.description>
  
  <!-- EN: piano -->
  <Piano.label>NL: piano </Piano.label>
  <!-- EN: An advanced stationary musical instrument. It is played by pressing a row of keys, which causes hammers to strike internal strings stretched over a steel frame. The hammer mechanism and high-tension strings allow the musician to play both very soft and very loud, making the piano a very expressive instrument.\n\nIt can be crafted at a smithy. -->
  <Piano.description>NL: Een geavanceerd stationair muziek instrument. Wordt bespeeld door een set toetsen in te drukken. Dit zorgt voor hamers, die meppen op interne snaren, gespannen over een stalen frame. De hamer mechanieker en hoge-spanning snaren laten de hamers zowel zacht als hard spelen. Dit maakt de piano een zeer kostbaar instrument. Bij een smidse kan deze vervaardigd worden. </Piano.description>
  
  <!-- EN: unfinished musical instrument -->
  <UnfinishedMusicalInstrument.label>NL: onafgemaakt muziek instrument </UnfinishedMusicalInstrument.label>
  <!-- EN: An unfinished musical instrument. -->
  <UnfinishedMusicalInstrument.description>NL: Een onafgemaakt muziek instrument. </UnfinishedMusicalInstrument.description>
  
  <!-- EN: unfinished piano -->
  <UnfinishedPiano.label>NL: onafgemaakte piano </UnfinishedPiano.label>
  <!-- EN: An unfinished piano. -->
  <UnfinishedPiano.description>NL: Een onafgemaakte piano. </UnfinishedPiano.description>
  
</LanguageData>
