﻿<?xml version="1.0" encoding="UTF-8"?>
<LanguageData>
  
  <!-- EN: mech assembler -->
  <MechAssembler.label>NL: mech assembleerder</MechAssembler.label>
  <!-- EN: An automated mechanoid factory. It periodically assembles and deploys new mechanoids. -->
  <MechAssembler.description>NL: mechanoid bouw fabriek. Periodiek bezig met het maken en inzetten van nieuwe mechanoid. </MechAssembler.description>
  
  <!-- EN: mech capsule -->
  <MechCapsule.label>NL: mech capsule </MechCapsule.label>
  <!-- EN: A mechanoid storage and deployment capsule. It can contain a number of mechanoids, ready to emerge and fight upon being awakened. -->
  <MechCapsule.description>NL: Een mechanoid capsule voor opslag en plaatsing. Kan bevatten, mechanoid, klaar vechtend op te staan bij ontwaken. </MechCapsule.description>
  
  <!-- EN: mech drop beacon -->
  <MechDropBeacon.label>NL: mech drop baak </MechDropBeacon.label>
  <!-- EN: A mechanoid reinforcement drop beacon. When activated, it calls in a group of mechs to land in drop pods nearby. -->
  <MechDropBeacon.description>NL: mechanoid inval ondersteuning baak. Wanneer geactiveerd, roept deze een groep mechs op om in pods vlakbij te landen. </MechDropBeacon.description>
  
</LanguageData>
