﻿<?xml version="1.0" encoding="UTF-8"?>
<LanguageData>
  
  <!-- EN: animus stone -->
  <AnimusStone.label>NL: animus steen </AnimusStone.label>
  <!-- EN: An ancient jade stone marked with sacred tribal carvings. Tribal psycasters can focus on these stones during meditation to increase their psyfocus gain more than a typical nature shrine.\n\nDifferent tribal cultures tell different stories about these stones, but most agree that they were crafted by an ancient world spirit during a time of great power. Since they look like natural objects to unobservant outsiders, raiders will generally ignore them. -->
  <AnimusStone.description>NL: Een ouderwetse jade steen, gemarkeerd met heilige snijwerken van wilde stammen. Wilde psywerpers kunnen {1} geven naar deze stenen tijdens uplink om meer upfocus te genereren dan een typische natuurlijke gedenkplaats. Verschillende wilde culturen geven verschillende uitleg betreffende deze stenen. De meeste komen overeen op het punt, dat tijdens het schapen van de Oude Wereld er groteske krachten aan het werk waren. Omdat deze stenen er uit zien als natuurlijke objecten, zullen plunderaars ze over het algemeen negeren. </AnimusStone.description>
  
  <!-- EN: meditation spot -->
  <MeditationSpot.label>NL: uplink plek </MeditationSpot.label>
  <!-- EN: Designates a spot for meditation. Psycasters can meditate here to gain psyfocus. If a focus object like a sculpture is nearby, the psycaster will be able to focus on it to boost their psyfocus gain. However, different people are able to use different focus objects. -->
  <MeditationSpot.description>NL: Wijst een plek aan voor uplinken. Psywerpers kunnen hier uplinken om upfocus te verkrijgen. Wanneer een focus object zoals een sculptuur vlakbij is, zal de psywerper de mogelijkheid krijgen {0} te verbeteren om meer upfocus te krijgen. Echter, verschillende mensen hebben mogelijkheden tot het gebruik van verschillende focus objecten. </MeditationSpot.description>
  
  <!-- EN: large nature shrine -->
  <NatureShrine_Large.label>NL: gedenkplaats </NatureShrine_Large.label>
  <!-- EN: A large shrine for honoring spiritual beings. Tribal psycasters can focus on this shrine while meditating to increase psyfocus gain. Nature shrines lose their power if they are close to artificial structures, so they are always built in nature. Since they look like natural objects to unobservant outsiders, raiders will generally ignore them. -->
  <NatureShrine_Large.description>NL: Een grote gedenkplaats voor het eren van spirituele wezens. Wilde psywerpers kunnen hun upfocus richten op deze gedenkplaats om psyfocus te verkrijgen. Natuurlijke gedenkplaatsen verliezen hun krachten wanneer ze te dicht bij artificiële constructies staan. Ze worden dus altijd in de natuur gebouwd. Ze zien er dan ook uit als natuur-objecten voor de niet oplettende buitenstaander. Plunderaars zullen ze in de regel negeren. </NatureShrine_Small.description>
  
  <!-- EN: small nature shrine -->
  <NatureShrine_Small.label>NL: gedenkplaatsje </NatureShrine_Small.label>
  <!-- EN: A small shrine for honoring spiritual beings. Tribal psycasters can focus on this shrine while meditating to increase psyfocus gain. Nature shrines lose their power if they are close to artificial structures, so they are always built in nature. Since they look like natural objects to unobservant outsiders, raiders will generally ignore them. -->
  <NatureShrine_Small.description>NL: Een kleine gedenkplaats voor het eren van spirituele wezens. Wilde psywerpers kunnen hun upfocus richten op deze gedenkplaats om psyfocus te verkrijgen. Natuurlijke gedenkplaatsen verliezen hun krachten wanneer ze te dicht bij artificiële constructies staan. Ze worden dus altijd in de natuur gebouwd. Ze zien er dan ook uit als natuur-objecten voor de niet oplettende buitenstaander. Plunderaars zullen ze in de regel negeren. </NatureShrine_Small.description>
  
  <!-- EN: ship landing beacon -->
  <ShipLandingBeacon.label>NL: schip landing baak </ShipLandingBeacon.label>
  <!-- EN: Marks the corner of a landing area. Four of these placed at the corners of a clear area (minimum 9x9) create a landing pad. Spacecraft usually land on pads if possible. -->
  <ShipLandingBeacon.description>NL: Markeert de hoek van een landing platform. Vier stuks, geplaatst op een schone ruimte (zeker 9x9) maken een platform voor landing. Ruimtevaartuig land normaliter per platform als dat mogelijk is. </ShipLandingBeacon.description>
  
</LanguageData>
