﻿<?xml version="1.0" encoding="UTF-8"?>
<LanguageData>
  
  <!-- EN: brazier -->
  <Brazier.label>NL: korf </Brazier.label>
  <!-- EN: A bowl-shaped furnishing used to hold a fire. Will light the surroundings and create heat. -->
  <Brazier.description>NL: Een gekorfde balvorm, bedekt om een vlam vast te houden. Zal de omgeving verlichten en hitte creëren. </Brazier.description>
  
  <!-- EN: drape -->
  <Drape.label>NL: drape </Drape.label>
  <!-- EN: A decorative sheet hanging from a vertical wooden frame. Appropriate for royal rooms. -->
  <Drape.description>NL: Een decoratief doek, hangend van een verticaal houten frame. Toepasselijk voor een troonzaal. </Drape.description>
  
  <!-- EN: grand meditation throne -->
  <GrandThrone.label>NL: megalomane uplink troon </GrandThrone.label>
  <!-- EN: A massive, ornate chair, designed for a dignity-focused psycaster to sit and meditate. 
Reigning on a throne is a form of meditation that builds up psyfocus. 
For dignity psycasters, more impressive meditation thrones and thronerooms increase the rate of psyfocus gain. -->
  <GrandThrone.description>NL: Een massieve ornamentale stoel, gemaakt voor een op waardigheid gebaseerde psy-werper om te zitten en om te uplinken. Regeren op een troon is een vorm van uplink die zal resulteren in psyfocus. Voor waardige psywerpers zullen meer indrukwekkende uplink tronen en troonzalen de kracht van uplink versterken. </Throne.description>
  
  <!-- EN: meditation throne -->
  <Throne.label>NL: uplink troon </Throne.label>
  <!-- EN: A large, ornate chair designed for a dignity-focused psycaster to sit and meditate. 
Reigning on a throne is a form of meditation that builds up psyfocus. For dignity psycasters, 
more impressive meditation thrones and thronerooms increase the rate of psyfocus gain. -->
  <Throne.description>NL: Een grote ornamentale stoel, gemaakt voor een op waardigheid gebaseerde psy-werper om te zitten en om te uplinken. Regeren op een troon is een vorm van uplink die zal resulteren in psyfocus. Voor waardige psywerpers zullen meer indrukwekkende uplink tronen en troonzalen de kracht van uplink versterken. </Throne.description>
  
</LanguageData>
