﻿<?xml version="1.0" encoding="UTF-8"?>
<LanguageData>
  
  <!-- EN: auto-mortar -->
  <Artillery_AutoMortar.label>NL: auto-mortier </Artillery_AutoMortar.label>
  <!-- EN: auto-mortar -->
  <Artillery_AutoMortar.verbs.Verb_Shoot.label>NL: auto-mortier </Artillery_AutoMortar.verbs.Verb_Shoot.label>
  
  <!-- EN: mini-slug -->
  <Bullet_MiniSlug.label>NL: mini-koepel </Bullet_MiniSlug.label>
  
  <!-- EN: light charge blaster -->
  <Gun_ChargeBlasterHeavyTurret.label>NL: licht opladend geschut </Gun_ChargeBlasterHeavyTurret.label>
  <!-- EN: A pulse-charged rapid-fire blaster for area fire. -->
  <Gun_ChargeBlasterHeavyTurret.description>NL: Snel-vurend pulsatie geschut, voor omringend vuur. </Gun_ChargeBlasterHeavyTurret.description>
  <!-- EN: barrel -->
  <Gun_ChargeBlasterHeavyTurret.tools.barrel.label>NL: vat </Gun_ChargeBlasterHeavyTurret.tools.barrel.label>
  <!-- EN: light charge blaster -->
  <Gun_ChargeBlasterHeavyTurret.verbs.Verb_Shoot.label>NL: licht opladend geschut </Gun_ChargeBlasterHeavyTurret.verbs.Verb_Shoot.label>
  
  <!-- EN: inferno cannon -->
  <Gun_InfernoCannonTurret.label>NL: inferno kannon </Gun_InfernoCannonTurret.label>
  <!-- EN: An incendiary-shot mini-artillery device. It fires a large incendiary warhead. -->
  <Gun_InfernoCannonTurret.description>NL: Ontvlambare schoten, mini-artillerie. Het inferno kannon vuurt met ontvlambare kogels.  </Gun_InfernoCannonTurret.description>
  <!-- EN: barrel -->
  <Gun_InfernoCannonTurret.tools.barrel.label>NL: vat </Gun_InfernoCannonTurret.tools.barrel.label>
  <!-- EN: inferno cannon -->
  <Gun_InfernoCannonTurret.verbs.Verb_Shoot.label>NL: inferno kannon </Gun_InfernoCannonTurret.verbs.Verb_Shoot.label>
  
  <!-- EN: mini-slugger -->
  <Gun_MiniTurretMech.label>NL: mini-hulskannon </Gun_MiniTurretMech.label>
  <!-- EN: An automatic turret-mounted slug-thrower. -->
  <Gun_MiniTurretMech.description>NL: Een automatisch koepel-gemonteerd huls-kannon </Gun_MiniTurretMech.description>
  <!-- EN: mini-slugger -->
  <Gun_MiniTurretMech.verbs.Verb_Shoot.label>NL: mini-hulskannon </Gun_MiniTurretMech.verbs.Verb_Shoot.label>
  
  <!-- EN: auto charge turret -->
  <Turret_AutoChargeBlaster.label>NL: auto oplaad koepel </Turret_AutoChargeBlaster.label>
  <!-- EN: A self-powered turret mounted with a charge blaster. It cannot sense targets at very short ranges. -->
  <Turret_AutoChargeBlaster.description>NL: Een zelf-bekrachtigende koepel uitgerust met een oplaadbaar schot. Het kan niet voelen of doelen heel dichtbij zijn. </Turret_AutoChargeBlaster.description>
  
  <!-- EN: auto inferno turret -->
  <Turret_AutoInferno.label>NL: auto inferno kannon </Turret_AutoInferno.label>
  <!-- EN: A self-powered turret mounted with an inferno cannon. It cannot sense targets at very short ranges. -->
  <Turret_AutoInferno.description>NL: Een zelf-bekrachtigende koepel uitgerust met een inferno kannon. Het kan doelen niet aanvoelen op hele korte afstanden. </Turret_AutoInferno.description>
  
  <!-- EN: mini-slugger turret -->
  <Turret_AutoMiniTurret.label>NL: mini-huls koepel </Turret_AutoMiniTurret.label>
  <!-- EN: A self-powered defense turret mounted with a weak but long-ranged slug-thrower. May explode when damaged. -->
  <Turret_AutoMiniTurret.description>NL: Een zelf-bekrachtigend verdedigingskoepeltje met een zwak, maar lange-afstand huls-werper. Kan exploderen wanneer beschadigd. </Turret_AutoMiniTurret.description>
  
  <!-- EN: auto mortar -->
  <Turret_AutoMortar.label>NL: auto mortier </Turret_AutoMortar.label>
  <!-- EN: A self-powered, self-loading, automatic mortar. It can hit targets at any distance, over walls, but is quite inaccurate. -->
  <Turret_AutoMortar.description>NL: Een zelf-bekrachtigend, zelf ladend, automatische mortier. Het raakt doelen op elke afstand, ook over muren, het is schiet niet echt scherp. </Turret_AutoMortar.description>
  
</LanguageData>
