﻿<?xml version="1.0" encoding="UTF-8"?>
<LanguageData>
  
  <!-- EN: climate adjuster -->
  <ClimateAdjuster.label>NL: klimaat adjunct </ClimateAdjuster.label>
  <!-- EN: An ultratech device for controlling climate. Using chemicals and exotic fields to manipulate the atmosphere, it shifts the temperature in this region of the world. -->
  <ClimateAdjuster.description>NL: Een ultratech machine voor klimaat besturing. Gebruikt chemicaliën en exotische velden om de atmosfeer te manipuleren. Het verschuift de temperatuur in deze regio van de wereld. </ClimateAdjuster.description>
  
  <!-- EN: EMI dynamo -->
  <EMIDynamo.label>NL: EMI dynamo </EMIDynamo.label>
  <!-- EN: A massive electromagnetic interference generator. It interferes with or shuts down electrical devices in nearby regions. -->
  <EMIDynamo.description>NL: Een massief en elektromagnetische stoorzender. Stoort, of sluit af, elektrische apparaten in nabijgelegen regio's. </EMIDynamo.description>
  
  <!-- EN: psy droner lvls 1-12 specific psy sensitivity, 1 lvl determines 1 new cast possibility, need more uplink combinations. enter level to start uplink. 
		psy sensitivity			------		\\
		psy logicleaning		----------	  \\
		psy churchbuilding		--------------	   ||	---	uplink
		psy stapling			----------	  //
		psy stepping			------		//
-->
  <PsychicDroner.label>NL: psy droner </PsychicDroner.label>
  <!-- EN: An archotech device transmitting the thoughts of a mad superintelligence. 
It generates a massive psychic drone tuned to one gender and affecting a whole region of the planet. 
People of that gender will be disturbed by the effect, reducing their mood and possibly driving them insane. 
The effect is modulated by an individual's psychic sensitivity. -->
  <PsychicDroner.description>NL: Een archotech apparaat. 
Stuurt de gedachten van een gek supergenie. Dit genereert een massief psy drone effect, gericht op één geslacht en met effect op een hele regio van de planeet. 
Mensen van dit geslacht zullen gestoord worden van dit effect, hun humeur zal dalen en zij zullen mogelijk tot waanzin worden gedreven. 
Dit effect is gemoduleert op de specifieke psy gevoeligheid van het individu. </PsychicDroner.description>
  
  <!-- EN: psychic suppressor -->
  <PsychicSuppressor.label>NL: psy suppressor </PsychicSuppressor.label>
  <!-- EN: An archotech device that generates a massive psychic suppression field tuned to a particular gender. People of that gender have their psychic activity suppressed, reducing their consciousness. 
The effect is modulated by an individual's psychic sensitivity. -->
  <PsychicSuppressor.description>NL: Een archotech apparaat. Genereert massieve psy onderdrukking. Op veld-geslacht afgesteld. Mensen van het gekozen geslacht, zullen hun psy activiteit onderdrukt hebben, waardoor hun bewustzijn verminderd. Dit effect is gemoduleerd naar de psy gevoeligheid van het individu. </PsychicSuppressor.description>
  
  <!-- EN: smoke spewer -->
  <SmokeSpewer.label>NL: rook spuger </SmokeSpewer.label>
  <!-- EN: An ultratech weapon of mass destruction designed for area denial. By harvesting available compounds and converting them into self-reproducing opaque molecules, it can spew enough smoke to block the sun in a whole region of the planet. -->
  <SmokeSpewer.description>NL: Een ultratech wapen van massavernietiging om toegang te ontzeggen. Door oogsten van beschikbare compounds en het converteren naar zelf-reproducerende doorzichtige moleculen, spugen ze genoeg rook om de zon te blokkeren in een volledige regio van de planeet. </SmokeSpewer.description>
  
  <!-- EN: sun blocker -->
  <SunBlocker.label>NL: zon blokker </SunBlocker.label>
  <!-- EN: An ultratech machine that generates a sheet of exotic fields at high altitude, turning the sky opaque and blocking the sun. -->
  <SunBlocker.description>NL: Een ultratech machine. Genereert een laag van exotische velden op grote hoogte. Draait de lucht naar doorzichtig en blokkeert de zon. </SunBlocker.description>
  
  <!-- EN: toxic spewer -->
  <ToxicSpewer.label>NL: gif spuger </ToxicSpewer.label>
  <!-- EN: An ultratech weapon of mass destruction designed for area denial. This device harvests available compounds and converts them into self-reproducing poisons. By spewing these into the atmosphere, it can poison a whole region of the planet. -->
  <ToxicSpewer.description>NL: Een ultratech wapen van massa-vernietiging, gemaakt voor toegangsverbod. Dit apparaat oogst beschikbare compounds en converteerd ze naar zelf-reproducerende giffen. Bij spugen in de atmosfeer kan deze de hele regio van de planeet besmetten. </ToxicSpewer.description>
  
  <!-- EN: weather controller -->
  <WeatherController.label>NL: weer controleur </WeatherController.label>
  <!-- EN: An ultratech device for controlling weather. Using chemicals and exotic fields, it forces the weather into a particular configuration. -->
  <WeatherController.description>NL: Een ultratech machine, wordt gebruikt om het weer te controleren. Gebruikt chemicaliën en exotische velden. Forceert het weer een bepaalde opstelling aan te nemen. </WeatherController.description>
  
</LanguageData>
