﻿<?xml version="1.0" encoding="UTF-8"?>
<LanguageData>
  
  <!-- EN: bullet shield -->
  <BulletShieldPsychic.label>NL: kogel schild </BulletShieldPsychic.label>
  
  <!-- EN: flashstorm -->
  <Flashstorm.label>NL: flitsstorm </Flashstorm.label>
  
  <!-- EN: monument marker -->
  <MonumentMarker.label>NL: monument stift </MonumentMarker.label>
  <!-- EN: Marks the place where you intend to build a monument. Once placed, this cannot be moved. -->
  <MonumentMarker.description>NL: Markeerd de plek waar u een monument wilt oprichten. Zodra geplaatst, kan deze niet meer verplaatst. </MonumentMarker.description>
  
</LanguageData>
