﻿<?xml version="1.0" encoding="UTF-8"?>
<LanguageData>
  
  <!-- EN: psychic harmonizer -->
  <PsychicHarmonizer.label>NL: psy harmonie </PsychicHarmonizer.label>
  <!-- EN: This brain implant projects the user's mood in a spherical psychic field, forcing others nearby to feel a blurred, simplified version of their emotions. It can be a powerful tool to keep morale high, but if the user becomes unhappy, it can lead to collective disaster. -->
  <PsychicHarmonizer.description>NL: Dit hersen implantaat, projecteerd de stemming van de gebruiker in een spherisch veld. Dit forceerd dichtbijzijnden een vertroebelde, versimpelde versie van hun emoties te tonen. Dit kan een krachtig middel zijn om de moraal hoog te houden, maar als de gebruiker ongelukkig wordt, zal dit leiden tot een collectieve ramp. </PsychicHarmonizer.description>
  
  <!-- EN: psychic reader -->
  <PsychicReader.label>NL: psy lezer</PsychicReader.label>
  <!-- EN: Gives limited mind-reading ability, improving the user’s ability to get the upper hand in negotiations and social situations. The effect is proportional to the user’s psychic sensitivity. -->
  <PsychicReader.description>NL: Geeft gelimiteerde hersen-leesvaardigheid, verbeterd het vermogen van de gebruiker om de boventoon te voeren in onderhandelingen en sociale situaties. Dit effect is proportioneel aan de psy gevoeligheid van de gebruiker. </PsychicReader.description>
  
  <!-- EN: psychic sensitizer -->
  <PsychicSensitizer.label>NL: psy sensitizer </PsychicSensitizer.label>
  <!-- EN: This brain implant stimulates growth in the regions of the brain related to psychic interaction, thus increasing psychic sensitivity. -->
  <PsychicSensitizer.description>NL: Dit hersen implantaat stimuleert groei in regionen van het brein, gerelateerd aan psy interactie. </PsychicSensitizer.description>
  
</LanguageData>
