﻿<?xml version="1.0" encoding="UTF-8"?>
<LanguageData>
  
  <!-- EN: aesthetic nose -->
  <AestheticNose.label>NL: aestetische neus </AestheticNose.label>
  <!-- EN: The nose is shaped to the user’s desired form, matching prevalent beauty standards and enhancing physical impressions. -->
  <AestheticNose.description>NL: De neus is gevormd naar de gewenste vorm van de gebruiker, dit komt overeen met prevalente schoonheids standaarden en verbetering van fysieke impressies. </AestheticNose.description>
  
  <!-- EN: aesthetic shaper -->
  <AestheticShaper.label>NL: aestetisch vormer </AestheticShaper.label>
  <!-- EN: A sophisticated package of hormonal and mechanite influences shapes the muscles and fat on the body, adding non-functional aesthetic tissue where needed to achieve a desired appearance. This implant can be configured to form various body shapes according to the user’s taste - or that of their partner. -->
  <AestheticShaper.description>NL: Een sophistica pakket met hormonen en mechanieten voor vorm invloeden richting spier en vet op het lichaam. Voeg niet-functioneel esthetisch weefsel toe waar nodig om het gewenste effect te verkrijgen. Dit implantaat zal geconfigureerd kunnen worden om verschillende lichaam vormen aan te kunnen nemen naar smaak van de gebruiker - of dat van de partner. </AestheticShaper.description>
  
  <!-- EN: armorskin gland -->
  <ArmorskinGland.label>NL: pantserhuid klier </ArmorskinGland.label>
  <!-- EN: This bionic gland releases chemicals and nanomachines that toughen the skin and add flexible subdermal keratin plates at strategic points. This makes the user more resistant to damage across their whole body. Unfortunately, these changes make the skin appear leathery, with wrinkles across the whole body and face, which is generally considered ugly. -->
  <ArmorskinGland.description>NL: Deze bionische klier laat chemicaliën en nanomachines door, ze verruwen de huid en voegen flexibele onderhuidse keratine platen toe op strategische punten. Dit stelt de gebruiker in staat meer resistent te zijn tegen schade over het hele lichaam. Helaas, deze veranderingen laten de huid er leer-achtig uit zien. Dit rimpelt over het hele lichaam en het gezicht, wat over het algemeen als lelijk wordt beschouwd. </ArmorskinGland.description>
  
  <!-- EN: circadian assistant -->
  <CircadianAssistant.label>NL: circadiale assistent </CircadianAssistant.label>
  <!-- EN: An artificial gland. Produces chemicals and nanomachines that clear toxin buildup from the brain. -->
  <CircadianAssistant.description>NL: Een artificiële klier produceert chemicaliën en nanomachines, deze schonen gif op uit het brein. </CircadianAssistant.description>
  
  <!-- EN: circadian half-cycler -->
  <CircadianHalfCycler.label>NL: circadiale half-cycler </CircadianHalfCycler.label>
  <!-- EN: A signal redirector which isolates half of the brain, allowing the other half to sleep while the user remains outwardly awake. By alternating brain halves, the user never needs to sleep. Unfortunately, two hemispheres are better than one - working with half a brain causes a reduction in consciousness. -->
  <CircadianHalfCycler.description>NL: Een signaal spiegelaar welke de helft van het brein isoleert. Zodat de helft van het brein kan slapen terwijl de gebruiker uiterlijk wakker blijft. Bij alernerende brein helften hoeft de gebruiker nooit te slapen. Helaas, twee hemisferen zijn beter dan één - werken met een half brein zorgt voor een lager bewustzijn. </CircadianHalfCycler.description>
  
  <!-- EN: coagulator -->
  <Coagulator.label>NL: coagulator </Coagulator.label>
  <!-- EN: Releases coagulating factors in response to blood loss, reducing bleeding rates significantly. -->
  <Coagulator.description>NL: Laat coaguleren in reactie op bloedverlies, verminderd bloedsdoorstroom aanzienlijk. </Coagulator.description>
  
  <!-- EN: detoxifier stomach -->
  <DetoxifierStomach.label>NL: ontgiftiger maag </DetoxifierStomach.label>
  <!-- EN: An artificial stomach replacement with a broad-spectrum toxin filter and neutralization system. It allows the user to eat almost anything without ever worrying about food poisoning. -->
  <DetoxifierStomach.description>NL: Een artificiële maag aanpassing met een breed-spectrum gif filter en neuralisatie systeem. Het stelt de gebruiker in staat bijna alles te eten zonder zich ooit zorgen te hoeven maken over vergiftiging. </DetoxifierStomach.description>
  
  <!-- EN: gastro-analyzer -->
  <GastroAnalyzer.label>NL: gastro-analisator </GastroAnalyzer.label>
  <!-- EN: This bionic nose implant enhances the sense of smell, with a focus towards food-related smells. A multi-layered ultrafine absorption mesh detects compounds in the air. A microprocessor formats the readings into an olfactory nerve signal to send to the brain through a nerve-link interface. The result is that the user can smell foods with a depth, richness, and precision unknown among unenhanced humans, allowing them to cook more effectively. The whole unit is small enough to be installed in the nose without affecting the user's appearance. -->
  <GastroAnalyzer.description>NL: Dit bionisch neus implantaat verbeterd de reuk, met een focus naar eten-gerelateerde geuren. Een multi-gelaagde, ultrafijne absorbtie mix detecteerd wolken in de lucht. Een microprocessor zet de metingen in formatie, zodat een olfactory nerf signaal ontstaat om te zenden naar het brein via een nerf-link interactor. Het resultaat is dat de gebruiker kan ruiken waar voedsel zich bevindt, met een diepte, rijkwijdte en precisie, onbekend aan niet aangepaste mensen. Ze koken hier ook beter door. De hele unit is klein genoeg om in de neus gezet te worden zonder ook maar iets aan het uiterlijk van de gebruiker te veranderen. </GastroAnalyzer.description>
  
  <!-- EN: healing enhancer -->
  <HealingEnhancer.label>NL: Heel bespoediger </HealingEnhancer.label>
  <!-- EN: Releases nanomachines and healing factors that speed up wound healing. This implant only helps with physical wounds, and does nothing to combat disease or other health problems. -->
  <HealingEnhancer.description>NL: Laat nanomachines los en helende factoren, bespoedigd heling. Dit implantaat helpt alleen bij fysieke wonden, doet niets tegen gevechtsziekte of andere aandoeningen. </HealingEnhancer.description>
  
  <!-- EN: immunoenhancer -->
  <Immunoenhancer.label>NL: immuno-enhancer </Immunoenhancer.label>
  <!-- EN: An analysis computer inspects the bloodstream, classifies pathogens, and rapidly prompts the body’s natural immune system to respond to them faster than it could alone. This speeds immunity gain significantly. -->
  <Immunoenhancer.description>NL: Analisis Persoonlijke Computer inspecteerd de bloedbaan, classificeert pathogenen en prompt snel naar het lichaam's natuurlijk immuunsysteem om het sneller te laten reageren dan het zelf alleen zou kunnen. Dit helpt immuniteit opbouwen als een malle. </Immunoenhancer.description>
  
  <!-- EN: learning assistant -->
  <LearningAssistant.label>NL: leer assistent </LearningAssistant.label>
  <!-- EN: A sensory recording system that replays important experiences during sleep, strengthening the formation of new memories. -->
  <LearningAssistant.description>NL: Een sensiri opname apparaat. Herspeelt belangrijke ervaringen tijdens de slaap. Versterkt het formeren van nieuwe herinneringen. </LearningAssistant.description>
  
  <!-- EN: love enhancer -->
  <LoveEnhancer.label>NL: luv besteviger </LoveEnhancer.label>
  <!-- EN: Humans have always tried to use every new technology to enhance sexual satisfaction. Bionics were no exception. This implant makes physical and chemical changes to the body which enhance the experience of lovin’ for both partners - both physically and psychologically. The implant unit can adapt to enhance both men and women upon being implanted. -->
  <LoveEnhancer.description>NL: Mensen hebben altijd geprobeerd elke nieuwe technologie te gebruiken om hun sexuele genot te bestevigen. Bionische implantaten waren geen uitzondering. Dit implantaat maakt fysieke en chemische veranderingen voor het lichaam, welke de ervaring van luv' voor beide partners - zowel fysiek als psychologisch versterkt.  De unit kan aanpassen om zowel mannen als vrouwen te bevredigen bij implantatie. </LoveEnhancer.description>
  
  <!-- EN: neurocalculator -->
  <Neurocalculator.label>NL: neurocalculator</Neurocalculator.label>
  <!-- EN: A non-intelligent microcomputer controlled by a visual/tactile neural interface. It assists with memory and calculation, like a calculator and notepad embedded in the brain. -->
  <Neurocalculator.description>NL: Een niet-intelligente microcomputer, gestuurd door een visuele/tactile neurale interactor. Het assisteert in geheugen en rekenkracht. Net als een calculator of een kladblok in het brein. </Neurocalculator.description>
  
  <!-- EN: nuclear stomach -->
  <NuclearStomach.label>NL: nucleaire maag </NuclearStomach.label>
  <!-- EN: A micro-nuclear reactor combined with complex chemical synthesis replaces the body’s need for food energy. Food is required only to replace matter lost from the body, reducing the user’s intake needs significantly. This artifical stomach cannot get food poisoning. However, there is little room to shield the reactor, so the radiation increases the risk of cancer. -->
  <NuclearStomach.description>NL: Een micro-nucleaire reactor, gecombineerd met complexe chemische synthese, vervangt de noodzaak van het lichaam om te eten. Voedsel is alleen maar nodig om verloren substantie te vervangen. Dit verminderd de inname van de gebruiker flink. Dit artificiële maagje kan geen voedselvergiftiging krijgen. Echter, er is een klein kamertje om de reactor af te schermen. De radiatie verhoogt dan ook het risico op kanker. </NuclearStomach.description>
  
  <!-- EN: reprocessor stomach -->
  <ReprocessorStomach.label>NL: herverwerk maag</ReprocessorStomach.label>
  <!-- EN: An advanced chemical processing system breaks down nutrients the body could normally never use, leading to increased efficiency. -->
  <ReprocessorStomach.description>NL: Een geavanceerd verwerkingssysteem voor chemicaliën, breekt voeding op een manier hoe het lichaam dat nooit zou kunnen. Wat leidt tot verhoogde efficiëntie. </ReprocessorStomach.description>
  
  <!-- EN: stoneskin gland -->
  <StoneskinGland.label>steenhuid klier</StoneskinGland.label>
  <!-- EN: This bionic gland releases chemical and nanomachines that transform the user's skin into a built-in suit of armor. The whole epidermis thickens and hardens to resist burns, while jointed exterior keratin plates form everywhere they can - including the head and face. While it's very difficult to physically hurt someone using this implant, the plates and hard skin significantly reduces the user's physical attractiveness. -->
  <StoneskinGland.description>NL: Deze bionische klier laat chemische en nanomachines los die de huid van de gebruiker ombouwen tot een ingebouwd pantser. De hele epidermia verdikt en verhard tegen verbranding. Terwijl verzamelde exterieur platen keratine vormen waar ze maar kunnen. Inclusief op het hoofd en het gezicht. Ondanks het feit dat het zeer lastig is fysiek pijn te lijden van iemand met een dergelijk implantaat, zullen de platen en de harde huid, de aantrekkelijkheid van de gebruiker flink doen afnemen. </StoneskinGland.description>
  
  <!-- EN: toughskin gland -->
  <ToughskinGland.label>NL: hardhuid klier </ToughskinGland.label>
  <!-- EN: This bionic gland releases chemicals and nanomachines that toughen the skin, making it somewhat more resistant to damage. 
While it doesn't add as much protection as some other skin-hardening glands, the toughskin gland has the advantage of not noticeably altering the user's appearance. -->
  <ToughskinGland.description>NL: Deze bionische klier, laat chemicaliën en nanomachines los die de huid verharden en hem zo iets bestendiger maken tegen schade. Het biedt weliswaar niet zoveel bescherming als sommige andere huid verhardende klieren, de hardhuid klier heeft het voordeel niet veel aan het uiterlijk van de gebruiker te wijzigen. </ToughskinGland.description>
  
</LanguageData>

