﻿<?xml version="1.0" encoding="UTF-8"?>
<LanguageData>
  
  <!-- EN: drill arm -->
  <DrillArm.label>NL: boor arm </DrillArm.label>
  <!-- EN: A mechanical arm replacement for speeding up mining. It has a built-in snake drill, which allows the miner to rapidly find and exploit weak lines in the rock. It also has a general-purpose manipulator. It is somewhat ungainly, which slows down movement slightly. -->
  <DrillArm.description>NL: Een mechanische arm vervanging voor het versnellen van mijnen. Er is een ingebouwde slangenboor, deze stelt de mijner in staat om snel zwakke lijnen in de rots te vinden en te exploiteren. Het heeft ook een manipulator voor algemeen nut. Het is nogal volgebouwd en dit vertraagd beweging enigszins. </DrillArm.description>
  
  <!-- EN: elbow blade -->
  <ElbowBlade.label>NL: elleboog lemmet </ElbowBlade.label>
  <!-- EN: A razor-sharp blade that extends at will from a hidden opening at the end of the ulna. Appearing without warning, it can be used for devastating slice attacks. -->
  <ElbowBlade.description>Een scheer-klaar mes, welke op eigen wil uit een opening komt aan het uiteinde van de ulna. Verschijnend zonder waarschuwing, het kan gebruikt worden voor snoeiharde snij aanvallen.</ElbowBlade.description>
  
  <!-- EN: field hand -->
  <FieldHand.label>NL: veld hand </FieldHand.label>
  <!-- EN: This mechanical hand replacement is made to speed up the sowing and harvesting tasks of a farmer. Multiple telescoping finger-like protrusions can simultaneously harvest from several points on the same plant, or precisely sow several holes at once. It also has a general-purpose manipulator. It is somewhat ungainly, which slows down movement slightly. -->
  <FieldHand.description>NL: Deze mechanische handvervanging is gemaakt om het zaaien en oogsten sneller te maken voor een boer. Meerdere telescopische vinger-gelijkende protrusies kunnen gelijktijdig oogsten van verschillende plekken rond dezelfde plant. Of met precisie meerdere gaten tegelijk inzaaien. Ook heeft het een manipulator voor algemeen nut. Hij is behoorlijk toegerust, dit vertraagd de beweging enigszins. </FieldHand.description>
  
  <!-- EN: hand talon -->
  <HandTalon.label>NL: hand nauw </HandTalon.label>
  <!-- EN: A razor-sharp talon which extends from a hidden opening between the middle and ring fingers. The talon is longer than the palm, but it becomes flexible upon retracting, allowing the user to curl it up and conceal it inside the hand. It can perform rapid slashing attacks, but is poor at penetrating armor. -->
  <HandTalon.description>NL: Een scheer-klare nauw, welke loopt van de verborgen opening tussen het middel en de ring vingers. Het nauw is langer dan de palm, maar wordt flexibel bij terugtrekking. Dit staat de gebruiker toe hem op te krullen en te verbergen in de hand. Het kan snelle snedes zetten, maar is zwak bij pantser doorboring.</HandTalon.description>
  
  <!-- EN: knee spike -->
  <KneeSpike.label>knie kraaienpoot</KneeSpike.label>
  <!-- EN: A spike that extends at will from a hidden opening on the front of the knee. Appearing without warning, it can be used for devastating stabbing attacks which penetrate even thick armor. -->
  <KneeSpike.description>NL: Een kraaienpoot die naar eigen wil uit een verborgen opening uit de voorkant van de knie komt. Verschijnt zonder waarschuwing, mag gebruikt worden voor vernietigende steek-aanvallen om dik pantser te penetreren. </KneeSpike.description>
  
  <!-- EN: mindscrew -->
  <Mindscrew.label>Hersenklem</Mindscrew.label>
  <!-- EN: Inflicts continuous pain on the user. Mindscrews are used by some authorities as a long-term punishment. Some even install them voluntarily as a demonstration of ideological or religious devotion. -->
  <Mindscrew.description>NL: Doet continu pijn bij de gebruiker. Hersenklemmen worden gebruikt door sommige authoriteiten voor lange-termijn straffen. Sommigen installeren ze zelfs vrijwillig ter demostratie van hun ideologie of religieuze toewijding. </Mindscrew.description>
  
  <!-- EN: venom fangs -->
  <VenomFangs.label>gif hondentand</VenomFangs.label>
  <!-- EN: A pair of injectors implanted through the canine teeth, connected to a venom pump. The user can bite an enemy, extend the injectors, and pump venom into the target. -->
  <VenomFangs.description>NL: Een paar injectoren, via de hondentanden geïmplanteerd, aan een gifpomp aangesloten. De gebruiker kan hiermee een vijand bijten, de injectoren verlengen en bovendien gif in het doelwit pompen. </VenomFangs.description>
  
  <!-- EN: venom talon -->
  <VenomTalon.label>gif nauw</VenomTalon.label>
  <!-- EN: A retractable finger talon connected to a venom pump in the lower arm. The user can scratch an enemy while squirting venom into the wound. The talon is designed to be installed in the middle finger. It's fast, but poor at penetrating armor. -->
  <VenomTalon.description>NL: Een terugtrekbare vinger nauw, aangesloten aan een gifpomp in de onderarm. De gebruiker kan een kras zetten, terwijl gif spuitend in de wond. De nauw is ontworpen om in de middelste vinger gezet te worden. Hij is snel, maar komt lastig door pantsers heen.  </VenomTalon.description>
  
</LanguageData>
