﻿<?xml version="1.0" encoding="UTF-8"?>
<LanguageData>
  
  <!-- EN: monosword -->
  <MeleeWeapon_MonoSword.label>TODO</MeleeWeapon_MonoSword.label>
  <!-- EN: A crystal-metallic longsword infused with mechanites that maintain a mono-molecular cutting edge. It cuts through even thick armor with ease, and its light weight permits fast attacks. -->
  <MeleeWeapon_MonoSword.description>NL: Een langzwaard van metallic kristal, ingelegd met mechaniten die een mono-moleculaire snij-richel bewaren. Het snijdt met gemak door dik harnas, bovendien staat het lichte gewicht snelle aanvallen toe. </MeleeWeapon_MonoSword.description>
  <!-- EN: handle -->
  <MeleeWeapon_MonoSword.tools.handle.label>NL: heft </MeleeWeapon_MonoSword.tools.handle.label>
  <!-- EN: point -->
  <MeleeWeapon_MonoSword.tools.point.label>NL: spits </MeleeWeapon_MonoSword.tools.point.label>
  <!-- EN: edge -->
  <MeleeWeapon_MonoSword.tools.edge.label>NL: richel </MeleeWeapon_MonoSword.tools.edge.label>
  
  <!-- EN: plasmasword -->
  <MeleeWeapon_PlasmaSword.label>NL: plasmazwaard </MeleeWeapon_PlasmaSword.label>
  <!-- EN: A metal-cored sword with a cutting edge. Plasma is wrapped around the core, held in place by an energy field. Targets are both sliced by the metal core, as well as burned or ignited by the plasma sheath. -->
  <MeleeWeapon_PlasmaSword.description>NL: Een metaal draadzwaard met een scherpe richel. Plasma is rond de kern geplaatst, op zijn plek gehouden door energie velden. Doelwitten zijn zowel gesneden door de metalen kern, alsmede doorgebrand of aangestoken door de plasma huls. </MeleeWeapon_PlasmaSword.description>
  <!-- EN: handle -->
  <MeleeWeapon_PlasmaSword.tools.handle.label>NL: heft </MeleeWeapon_PlasmaSword.tools.handle.label>
  <!-- EN: point -->
  <MeleeWeapon_PlasmaSword.tools.point.label>NL: spits </MeleeWeapon_PlasmaSword.tools.point.label>
  <!-- EN: edge -->
  <MeleeWeapon_PlasmaSword.tools.edge.label>NL: richel </MeleeWeapon_PlasmaSword.tools.edge.label>
  
  <!-- EN: zeushammer -->
  <MeleeWeapon_Zeushammer.label>NL: Zeushamer </MeleeWeapon_Zeushammer.label>
  <!-- EN: A warhammer with an embedded EMP capacitor. Upon impact, it blasts the target with an EMP burst in addition to the physical damage. -->
  <MeleeWeapon_Zeushammer.description>NL: Een oorlogshamer ingelegd met EMP vermogen. Het wapen blaast een EMP knal bovenop de fysieke schade.</MeleeWeapon_Zeushammer.description>
  <!-- EN: handle -->
  <MeleeWeapon_Zeushammer.tools.handle.label>NL: heft </MeleeWeapon_Zeushammer.tools.handle.label>
  <!-- EN: head -->
  <MeleeWeapon_Zeushammer.tools.head.label>NL: kop </MeleeWeapon_Zeushammer.tools.head.label>
  
</LanguageData>
