﻿<?xml version="1.0" encoding="UTF-8"?>
<LanguageData>
  
  <!-- EN: persona monosword -->
  <MeleeWeapon_MonoSwordBladelink.label>NL: persona monozwaard </MeleeWeapon_MonoSwordBladelink.label>
  <!-- EN: A crystal-metallic longsword infused with mechanites that maintain a mono-molecular cutting edge. It cuts through even thick armor with ease, while its light weight and onboard persona permit extremely fast attacks.\n\nThis weapon has an onboard persona that can bond to only a single person. The wielder and intelligent weapon can synchronize their reflexes and attack with frightening speed, accuracy, and creativity. Once bonded to a wielder, the weapon's persona will refuse to be wielded by anyone else. -->
  <MeleeWeapon_MonoSwordBladelink.description>NL: Een kristal-metallic langzwaard, ingelegd met mechanieten voor de instandhouding van een mono-moleculaire snijrichel. Het snijdt met gemak door dik harnas, terwijl zijn licht gewicht en gemonteerd persona extreem snelle aanvallen blijven toestaan. Dit wapen heeft een gemonteerd persona, er kan slechts een band met één persoon worden gemaakt. De drager en het intelligente wapen kunnen hun reflexen en aanvallen met angstaanjagende snelheid, soeplesse en creativiteit coördineren. Eens met de drager verbonden zal het wapen persona, weigeren door elk ander gedragen te worden. </MeleeWeapon_MonoSwordBladelink.description>
  <!-- EN: handle -->
  <MeleeWeapon_MonoSwordBladelink.tools.handle.label>NL: heft </MeleeWeapon_MonoSwordBladelink.tools.handle.label>
  <!-- EN: point -->
  <MeleeWeapon_MonoSwordBladelink.tools.point.label>NL: spits </MeleeWeapon_MonoSwordBladelink.tools.point.label>
  <!-- EN: edge -->
  <MeleeWeapon_MonoSwordBladelink.tools.edge.label>NL: richel </MeleeWeapon_MonoSwordBladelink.tools.edge.label>
  
  <!-- EN: persona plasmasword -->
  <MeleeWeapon_PlasmaSwordBladelink.label>NL: persona plasmazwaard </MeleeWeapon_PlasmaSwordBladelink.label>
  <!-- EN: A metal-cored sword with a cutting edge. Plasma is wrapped around the core, held in place by an energy field. Targets are both sliced by the metal core, as well as burned or ignited by the plasma sheath.\n\nThis weapon has an onboard persona that can bond to only a single person. The wielder and intelligent weapon can synchronize their reflexes and attack with frightening speed, accuracy, and creativity. Once bonded to a wielder, the weapon's persona will refuse to be wielded by anyone else. -->
  <MeleeWeapon_PlasmaSwordBladelink.description>NL: Een zwaard van staaldraad met snijrand. Plasma omgeeft de kern, op zijn plek gehouden door een energieveld. Doelwitten worden zowel gesneden door de metalen kern, maar ook gebrand of ontvlamd door de plasmahuls. Dit wapen heeft een gemonteerd persona, er kan slechts een band met één persoon worden gemaakt. De drager en het intelligente wapen kunnen hun reflexen en aanvallen met angstaanjagende snelheid, soeplesse en creativiteit coördineren. Eens met de drager verbonden zal het wapen persona, weigeren door elk ander gedragen te worden. </MeleeWeapon_PlasmaSwordBladelink.description>
  <!-- EN: handle -->
  <MeleeWeapon_PlasmaSwordBladelink.tools.handle.label>NL: heft </MeleeWeapon_PlasmaSwordBladelink.tools.handle.label>
  <!-- EN: point -->
  <MeleeWeapon_PlasmaSwordBladelink.tools.point.label>NL: spits </MeleeWeapon_PlasmaSwordBladelink.tools.point.label>
  <!-- EN: edge -->
  <MeleeWeapon_PlasmaSwordBladelink.tools.edge.label>NL: richel </MeleeWeapon_PlasmaSwordBladelink.tools.edge.label>
  
  <!-- EN: persona zeushammer -->
  <MeleeWeapon_ZeusHammerBladelink.label>NL: persona Zeushamer </MeleeWeapon_ZeusHammerBladelink.label>
  <!-- EN: A warhammer with an embedded EMP capacitor. Upon impact, it blasts the target with an EMP burst in addition to the physical damage.\n\nThis weapon has an onboard persona that can bond to only a single person. The wielder and intelligent weapon can synchronize their reflexes and attack with frightening speed, accuracy, and creativity. Once bonded to a wielder, the weapon's persona will refuse to be wielded by anyone else. -->
  <MeleeWeapon_ZeusHammerBladelink.description>NL: Een oorlogshamer met ingelegde EMP pulsering. Bij inslag, blaast het doelwit een EMP schot bovenop de fysieke schade. Dit wapen heeft een gemonteerd persona, er kan slechts een band met één persoon worden gemaakt. De drager en het intelligente wapen kunnen hun reflexen en aanvallen met angstaanjagende snelheid, soeplesse en creativiteit coördineren. Eens met de drager verbonden zal het wapen persona, weigeren door elk ander gedragen te worden. </MeleeWeapon_ZeusHammerBladelink.description>
  <!-- EN: handle -->
  <MeleeWeapon_ZeusHammerBladelink.tools.handle.label>NL: heft </MeleeWeapon_ZeusHammerBladelink.tools.handle.label>
  <!-- EN: head -->
  <MeleeWeapon_ZeusHammerBladelink.tools.head.label>NL: kop </MeleeWeapon_ZeusHammerBladelink.tools.head.label>
  
</LanguageData>
