﻿<?xml version="1.0" encoding="UTF-8"?>
<LanguageData>
  
  <!-- EN: axe -->
  <MeleeWeapon_Axe.label>TODO</MeleeWeapon_Axe.label>
  <!-- EN: An advanced form of one of mankind's oldest weapons, the war axe is a short blade attached to a shaft. The simple, ancient design concentrates cutting power generated from strong overhand swings. -->
  <MeleeWeapon_Axe.description>Een gevorderde vorm van menselijke wapens, de oorlogsbijl is een kort lemmet aan een staaf. De simpele oeoude modellering concentreert snijkracht gegenereerd door sterke bovenhandse klappen. </MeleeWeapon_Axe.description>
  <!-- EN: handle -->
  <MeleeWeapon_Axe.tools.handle.label>heft</MeleeWeapon_Axe.tools.handle.label>
  <!-- EN: edge -->
  <MeleeWeapon_Axe.tools.edge.label>rand</MeleeWeapon_Axe.tools.edge.label>
  
  <!-- EN: warhammer -->
  <MeleeWeapon_Warhammer.label>oorlogshamer</MeleeWeapon_Warhammer.label>
  <!-- EN: A long polearm topped with a brutal hammer. The powerful blunt impacts can pulverize an enemy's insides, even through armor. -->
  <MeleeWeapon_Warhammer.description>Een beresterke staaf met een brute hamer. De heftige doffe dreunen kunnen de organen van uw vijand verpulveren, zelfs door harnas. </MeleeWeapon_Warhammer.description>
  <!-- EN: handle -->
  <MeleeWeapon_Warhammer.tools.handle.label>heft</MeleeWeapon_Warhammer.tools.handle.label>
  <!-- EN: head -->
  <MeleeWeapon_Warhammer.tools.head.label>kop</MeleeWeapon_Warhammer.tools.head.label>
  
</LanguageData>
