﻿<?xml version="1.0" encoding="UTF-8"?>
<LanguageData>
  
  <!-- EN: Mote -->
  <Mote_CastPsycast.label>NL: Plak </Mote_CastPsycast.label>
  
  <!-- EN: Mote -->
  <Mote_EntropyPulse.label>NL: Plak </Mote_EntropyPulse.label>
  
  <!-- EN: Mote -->
  <Mote_MechDropBeaconActivated.label>NL: Plak </Mote_MechDropBeaconActivated.label>
  
  <!-- EN: Mote -->
  <Mote_Music.label>NL: Plak </Mote_Music.label>
  
  <!-- EN: Mote -->
  <Mote_ProximityScannerActivated.label>NL: Plak </Mote_ProximityScannerActivated.label>
  
  <!-- EN: Mote -->
  <Mote_ProximityScannerRadius.label>NL: Plak </Mote_ProximityScannerRadius.label>
  
  <!-- EN: Mote -->
  <Mote_PsycastSkipEffect.label>NL: Plak </Mote_PsycastSkipEffect.label>
  
  <!-- EN: Mote -->
  <Mote_PsycastSkipEffectSource.label>NL: Plak </Mote_PsycastSkipEffectSource.label>
  
  <!-- EN: Mote -->
  <Mote_PsycastSkipLine.label>NL: Plak </Mote_PsycastSkipLine.label>
  
  <!-- EN: Mote -->
  <Mote_PsychicLinkLine.label>NL: Plak </Mote_PsychicLinkLine.label>
  
  <!-- EN: Mote -->
  <Mote_PsychicLinkPulse.label>NL: Plak </Mote_PsychicLinkPulse.label>
  
  <!-- EN: Mote -->
  <Mote_PsyfocusPulse.label>NL: Plak </Mote_PsyfocusPulse.label>
  
  <!-- EN: Mote -->
  <Mote_WaterskipSplashParticles.label>NL: Plak </Mote_WaterskipSplashParticles.label>
  
</LanguageData>
