﻿<?xml version="1.0" encoding="UTF-8"?>
<LanguageData>
  
  <!-- EN: anima grass -->
  <Plant_GrassAnima.label>TODO</Plant_GrassAnima.label>
  <!-- EN: A grass infused with luminous microorganisms. Tribal peoples find that anima grass grows around the base of an anima tree as they meditate. 
It seems to reflect some kind of strengthening of the tree's psychic power.\n\nOffworld scientists have tried to study the phenomenon, 
but the grass degenerates into normal plant matter when observed too closely.\n\nAnimals refuse eat anima grass. Tribal stories say this is done out of respect and fear. 
-->
  <Plant_GrassAnima.description>TODO</Plant_GrassAnima.description>
  
  <!-- EN: anima tree -->
  <Plant_TreeAnima.label>TODO</Plant_TreeAnima.label>
  <!-- EN: A rare tree with warm, skin-smooth bark and long iridescent leaves. Infused with bioluminescent micro-organisms,
 anima trees develop a unique form of psychic symbiosis with surrounding lifeforms,
 allowing them to grow in a wide variety of biomes.
\n\nIf a person (psycaster or not) meditates near an anima tree,
 it will grow anima grass around its base. Once enough grass is grown,
 it becomes possible to carry out a psychic linking ritual with the tree and upgrade a person's psychic powers.
 Only tribal peoples know the secret of this ritual.
 Tribal psycasters are also able to draw psyfocus from anima trees while meditating to them.
\n\nAnima trees' psychic properties are weakened if artificial structures are placed nearby. 
They refuse to be caged or studied, and must remain part of nature.
\n\nMost tribes believe that anima trees are not simply trees, 
but are rather the physical extremities of a single world spirit. -->

  <Plant_TreeAnima.description>Een zeldzame boom, schors zacht als huid en lange paarlemouren bladeren. Ingelegd met bioluminiscent micro-organismen, vormen anima bomen een unieke vorm van psy symbiose met omliggende levensvormen, waardoor ze in een wilde variëteit aan biomes kunnen groeien. Wanneer een persoon (psywerper of niet) uplinkt bij een anima boom, zal er anima gras rond de basis groeien. Wanneer genoeg gras gegroeit is,zal het mogelijk worden een uplink ritueel te voltooien met de boom en een psy kracht te verkrijgen. Alleen de wilden kennen het geheim van dit ritueel. Wilde psywerpers zijn ook in staat upfocus uit anima bomen te trekken terwijl zij met hen uplinken. Anima boom psy eigenschappen worden verzwakt wanneer artificiële gebouwen dichtbij geplaatst worden. Ze weigeren in kooien gestopt te worden of te worden bestudeerd en moeten onderdeel van de natuur blijven. De meeste wilde stammen geloven dat anima bomen niet simpelweg bomen zijn, maar liever psy extremiteiten van Gaia. </Plant_TreeAnima.description>

  <!-- EN: About: Anima tree linking -->
  <Plant_TreeAnima.comps.CompPsylinkable.enoughPlantsLetterLabel>NL: Anima tree uplink </Plant_TreeAnima.comps.CompPsylinkable.enoughPlantsLetterLabel>
  <!-- EN: The anima tree now has {0} anima grass around it. This is enough for a tribal person to begin their first linking ritual!
\n\nThe linking ritual gives a level of psylink and the ability to use psychic powers. Upgrading to a higher level requires more grass at each level.
\n\nThe anima grass requirements for linking rituals to upgrade psycasters are:\n\n{1}
\n\nNote: Only those with the nature focus type can meditate to || link with anima trees. You can see a person’s focus types by looking at their info card with the ‘i’ button. 
-->
  <Plant_TreeAnima.comps.CompPsylinkable.enoughPlantsLetterText>NL: De anima boom heeft nu {0} anima gras om zich. Dit is genoeg voor een wilde om het eerste uplink ritueel te beginnen! Het uplink ritueel geeft een level psylink en de mogelijkheid psy krachten te gebruiken. Upgraden naar een hoger level behoeft meer anima gras per level. De anima gras benodigdheden voor uplink rituelen om psywerpers te verbeteren zijn: {1} N.B. Slechts zij die de natuurfocus als type hebben, kunnen uplinken met behulp van anima bomen. U kunt het focus type van een persoon vinden door op de info kaart te drukken met de 'i' knop. </Plant_TreeAnima.comps.CompPsylinkable.enoughPlantsLetterText>
  <!-- EN: The anima tree has died and emitted a disturbing psychic scream. -->
  <Plant_TreeAnima.comps.CompGiveThoughtToAllMapPawnsOnDestroy.message>NL: De anima boom stierf en zond een storende psy gil uit. </Plant_TreeAnima.comps.CompGiveThoughtToAllMapPawnsOnDestroy.message>
  
</LanguageData>