﻿<?xml version="1.0" encoding="UTF-8"?>
<LanguageData>
  
  <!-- EN: Recieved {TITLE} title -->
  <GainedTitle.stages.Recieved_title.label>NL: {TITLE} titel ontvangen </GainedTitle.stages.Recieved_title.label>
  <!-- EN: I have been given the title of {TITLE}. I love the recognition! -->
  <GainedTitle.stages.Recieved_title.description>NL: Er is mij de titel gegeven van {TITLE}. Ik houdt van die waardering! </GainedTitle.stages.Recieved_title.description>
  
  <!-- EN: Lost {TITLE} title -->
  <LostTitle.stages.Lost_title.label>NL: Verloren {TITLE} titel </LostTitle.stages.Lost_title.label>
  <!-- EN: I lost my {TITLE} title. -->
  <LostTitle.stages.Lost_title.description>NL: Ik verloor mijn {TITLE} titel. </LostTitle.stages.Lost_title.description>
  
  <!-- EN: want {TITLE}-quality apparel -->
  <TitleApparelMinQualityNotMet.stages.want_quality_apparel.label>NL: wil {TITLE}-kwaliteit kledij</TitleApparelMinQualityNotMet.stages.want_quality_apparel.label>
  <!-- EN: A {TITLE} like myself should only wear apparel of {QUALITY} quality or better. -->
  <TitleApparelMinQualityNotMet.stages.want_quality_apparel.description>NL: Een {TITLE} zoals ikzelf zou alleen maar kledij moeten dragen van kwaliteit {QUALITY} of beter. </TitleApparelMinQualityNotMet.stages.want_quality_apparel.description>
  
  <!-- EN: want {TITLE}-specific apparel -->
  <TitleApparelRequirementNotMet.stages.want_specific_apparel.label>NL: wil {TITLE}-specifieke kledij</TitleApparelRequirementNotMet.stages.want_specific_apparel.label>
  <!-- EN: A {TITLE} like myself should be covered in apparel appropriate to my stature:\n\n{0} -->
  <TitleApparelRequirementNotMet.stages.want_specific_apparel.description>NL: Een {TITLE} zoals ik, zou bekleed moeten zijn in een voorkomen passend bij mijn status: {0} </TitleApparelRequirementNotMet.stages.want_specific_apparel.description>
  
  <!-- EN: undignified bedroom -->
  <TitleBedroomRequirementsNotMet.stages.undignified_bedroom.label>TODO</TitleBedroomRequirementsNotMet.stages.undignified_bedroom.label>
  <!-- EN: A {TITLE} like myself deserves a bedroom that meets these requirements:\n\n{0} -->
  <TitleBedroomRequirementsNotMet.stages.undignified_bedroom.description>NL: Een {TITLE} zoals ikzelf, heeft een slaapkamer nodig die aan de volgende eisen voldoet: {0} </TitleBedroomRequirementsNotMet.stages.undignified_bedroom.description>
  
  <!-- EN: no personal bedroom -->
  <TitleNoPersonalBedroom.stages.no_personal_bedroom.label>NL: zonder eigen slaapkamer </TitleNoPersonalBedroom.stages.no_personal_bedroom.label>
  <!-- EN: A {TITLE} should have a personal bedroom. -->
  <TitleNoPersonalBedroom.stages.no_personal_bedroom.description>NL: Een {TITLE} zou een eigen slaapkamer moeten hebben. </TitleNoPersonalBedroom.stages.no_personal_bedroom.description>
  
  <!-- EN: no throne room -->
  <TitleNoThroneRoom.stages.no_throne_room.label>zonder troonzaal</TitleNoThroneRoom.stages.no_throne_room.label>
  <!-- EN: What is a royal with no throneroom? -->
  <TitleNoThroneRoom.stages.no_throne_room.description>NL: Wat is een adellijke zonder troonzaal? </TitleNoThroneRoom.stages.no_throne_room.description>
  
  <!-- EN: undignified throneroom -->
  <TitleThroneroomRequirementsNotMet.stages.undignified_throneroom.label>NL: onwaardige troonzaal </TitleThroneroomRequirementsNotMet.stages.undignified_throneroom.label>
  <!-- EN: I am a {TITLE} and I should have these items in my throneroom:\n\n{0} -->
  <TitleThroneroomRequirementsNotMet.stages.undignified_throneroom.description>NL: Ik ben een {TITLE} en ik zou de volgende zaken in mijn troonzaal moeten hebben: </TitleThroneroomRequirementsNotMet.stages.undignified_throneroom.description>
  
</LanguageData>
