﻿<?xml version="1.0" encoding="UTF-8"?>
<LanguageData>
  
  <!-- EN: awful throneroom -->
  <ReignedInThroneroom.stages.awful_throneroom.label>schofferende troonzaal</ReignedInThroneroom.stages.awful_throneroom.label>
  <!-- EN: I had to reign in an awful throneroom. It's like a deliberate insult from my inferiors. -->
  <ReignedInThroneroom.stages.awful_throneroom.description>NL: Ik moest regeren in een verschrikkelijke troonzaal. Het is een bewuste schoffering, afkomstig van mijn minderen. </ReignedInThroneroom.stages.awful_throneroom.description>
  <!-- EN: dull throneroom -->
  <ReignedInThroneroom.stages.dull_throneroom.label>NL: saaie troonzaal </ReignedInThroneroom.stages.dull_throneroom.label>
  <!-- EN: I had to reign in a dull throneroom. It clearly diminished my stature. -->
  <ReignedInThroneroom.stages.dull_throneroom.description>NL: Ik moest regeren vanuit een saaie troonzaal. Het verminderde zichtbaar mijn status. </ReignedInThroneroom.stages.dull_throneroom.description>
  <!-- EN: mediocre throneroom -->
  <ReignedInThroneroom.stages.mediocre_throneroom.label>NL: matige troonzaal</ReignedInThroneroom.stages.mediocre_throneroom.label>
  <!-- EN: I had to reign in a mediocre throneroom. It didn't express my stature. -->
  <ReignedInThroneroom.stages.mediocre_throneroom.description>NL: Ik moest regeren in een matige troonzaal. Het voldeed niet aan mijn status. </ReignedInThroneroom.stages.mediocre_throneroom.description>
  <!-- EN: very impressive throneroom -->
  <ReignedInThroneroom.stages.very_impressive_throneroom.label>NL: zeer indrukwekkende troonzaal </ReignedInThroneroom.stages.very_impressive_throneroom.label>
  <!-- EN: I reigned in a very impressive throneroom. It expressed noticeable stature. -->
  <ReignedInThroneroom.stages.very_impressive_throneroom.description>NL: Ik regeerde in een zeer indrukwekkende troonzaal. Het drukte een opmerkbare status uit. </ReignedInThroneroom.stages.very_impressive_throneroom.description>
  <!-- EN: extremely impressive throneroom -->
  <ReignedInThroneroom.stages.extremely_impressive_throneroom.label>NL: extreem indrukwekkende troonzaal </ReignedInThroneroom.stages.extremely_impressive_throneroom.label>
  <!-- EN: I reigned in an extremely impressive throneroom. It effectively demonstrated my stature. -->
  <ReignedInThroneroom.stages.extremely_impressive_throneroom.description>NL: Ik had de teugels in handen vanuit een extreem indrukwekkende troonzaal. Het demonstreerde effectief mijn status. </ReignedInThroneroom.stages.extremely_impressive_throneroom.description>
  <!-- EN: unbelievably impressive throneroom -->
  <ReignedInThroneroom.stages.unbelievably_impressive_throneroom.label>NL: ongelooflijk indrukwekkende troonzaal  </ReignedInThroneroom.stages.unbelievably_impressive_throneroom.label>
  <!-- EN: I reigned in an unbelievably impressive throneroom. The commoners will be amazed at my highness. -->
  <ReignedInThroneroom.stages.unbelievably_impressive_throneroom.description>NL: Ik regeerde in een ongelooflijk indrukwekkende troonzaal. De normale stervelingen zullen versteld staan van mijn hoogten. </ReignedInThroneroom.stages.unbelievably_impressive_throneroom.description>
  <!-- EN: wondrously impressive throneroom -->
  <ReignedInThroneroom.stages.wondrously_impressive_throneroom.label>NL: wonderlijk indrukwekkende slaapkamer </ReignedInThroneroom.stages.wondrously_impressive_throneroom.label>
  <!-- EN: I reigned in a heavenly throneroom. It matched my grace and nobility. -->
  <ReignedInThroneroom.stages.wondrously_impressive_throneroom.description>NL: Ik regeerde in een Hemelse troonzaal. Het kwam overeen met mijn elan en nobiliteit. </ReignedInThroneroom.stages.wondrously_impressive_throneroom.description>
  
</LanguageData>
