﻿<?xml version="1.0" encoding="UTF-8"?>
<LanguageData>
  
  <!-- EN: anima scream -->
  <AnimaScream.stages.anima_scream.label>NL: anima gil </AnimaScream.stages.anima_scream.label>
  <!-- EN: Such a pain in my head when the tree died. And it keeps echoing... -->
  <AnimaScream.stages.anima_scream.description>NL: Zo'n pijn in mijn hoofd waar de boom stierf. En de echo gaat maar door... </AnimaScream.stages.anima_scream.description>
  
  <!-- EN: decree ignored -->
  <DecreeUnmet.stages.decree_ignored.label>NL: decreet genegeerd </DecreeUnmet.stages.decree_ignored.label>
  <!-- EN: My decree has been ignored for far too long {0}. -->
  <DecreeUnmet.stages.decree_ignored.description>NL: Mijn decreet is te lang genegeerd {0}. </DecreeUnmet.stages.decree_ignored.description>
  
  <!-- EN: minor psychic breakdown -->
  <PsychicEntropyOverloaded.stages.minor_psychic_breakdown.label>NL: klein psychisch verval </PsychicEntropyOverloaded.stages.minor_psychic_breakdown.label>
  <!-- EN: There's an electrical pain behind my eyes. It's hard to focus; hard to think. -->
  <PsychicEntropyOverloaded.stages.minor_psychic_breakdown.description>NL: Er is een elektrische pijn achter mijn ogen. Het is lastig scherp te stellen; moeilijk te denken. </PsychicEntropyOverloaded.stages.minor_psychic_breakdown.description>
  <!-- EN: major psychic breakdown -->
  <PsychicEntropyOverloaded.stages.major_psychic_breakdown.label>NL: flinke psychisch verval </PsychicEntropyOverloaded.stages.major_psychic_breakdown.label>
  <!-- EN: My mind has been stir-fried. Dizzy, fuzzy, can't think, always aching. -->
  <PsychicEntropyOverloaded.stages.major_psychic_breakdown.description>NL: Mijn brein is gefrituurd. Duizelig, pluizig, kan niet denken, altijd jeuk. </PsychicEntropyOverloaded.stages.major_psychic_breakdown.description>
  <!-- EN: total psychic breakdown -->
  <PsychicEntropyOverloaded.stages.total_psychic_breakdown.label>NL: totaal psychisch verval </PsychicEntropyOverloaded.stages.total_psychic_breakdown.label>
  <!-- EN: I'm spinning, it hurts, I'm dizzy, think, can't think, can't think... -->
  <PsychicEntropyOverloaded.stages.total_psychic_breakdown.description>NL: Ik draai, het doet pijn, ik ben duizelig, denk, kan niet denken, ik kan niet denken... </PsychicEntropyOverloaded.stages.total_psychic_breakdown.description>
  
</LanguageData>