﻿<?xml version="1.0" encoding="UTF-8"?>
<LanguageData>
  
  <!-- EN: listening to harp -->
  <ListeningToHarp.stages.listening_to_harp.label>NL: luisterend naar de harp </ListeningToHarp.stages.listening_to_harp.label>
  <!-- EN: The harp is so soothing. -->
  <ListeningToHarp.stages.listening_to_harp.description>NL: De harp is zo rustgevend. </ListeningToHarp.stages.listening_to_harp.description>
  
  <!-- EN: listening to harpsichord -->
  <ListeningToHarpsichord.stages.listening_to_harpsichord.label>NL: luisterend naar harpsikoord </ListeningToHarpsichord.stages.listening_to_harpsichord.label>
  <!-- EN: The complexity of the harpsichord fulfills my mind. -->
  <ListeningToHarpsichord.stages.listening_to_harpsichord.description>NL: De complexiteit van het harpsikoord vult mijn brein. </ListeningToHarpsichord.stages.listening_to_harpsichord.description>
  
  <!-- EN: listening to piano -->
  <ListeningToPiano.stages.listening_to_piano.label>NL: Luisterend naar de piano </ListeningToPiano.stages.listening_to_piano.label>
  <!-- EN: The piano's range makes me feel melancholy, excited, and whimsical at the same time. What a sound. -->
  <ListeningToPiano.stages.listening_to_piano.description>NL: Het bereik van de piano maakt mij melancholisch, opgewekt en melancholisch tegelijk. Wat een geluid. </ListeningToPiano.stages.listening_to_piano.description>
  
</LanguageData>
