﻿<?xml version="1.0" encoding="UTF-8"?>
<LanguageData>
  
  <!-- EN: decree failed -->
  <DecreeFailed.stages.decree_failed.label>Decreet gefaald</DecreeFailed.stages.decree_failed.label>
  <!-- EN: My noble authority has not been respected as it should be. -->
  <DecreeFailed.stages.decree_failed.description>NL: Mijn nobiliteit is niet gerespecteerd zoals het hoort. </DecreeFailed.stages.decree_failed.description>
  
  <!-- EN: decree satisfied -->
  <DecreeMet.stages.decree_satisfied.label>Decreet bevredigd</DecreeMet.stages.decree_satisfied.label>
  <!-- EN: My noble authority has been respected as it should be. -->
  <DecreeMet.stages.decree_satisfied.description>NL: Mijn nobiliteit is gerespecteerd zoals het hoort. </DecreeMet.stages.decree_satisfied.description>
  
  <!-- EN: disinherited -->
  <Disinherited.stages.disinherited.label>onterft</Disinherited.stages.disinherited.label>
  <!-- EN: I was disinherited of my title. Do I need to get medieval on these people? -->
  <Disinherited.stages.disinherited.description>NL: Ik verloor het erven van mijn titel. Moet ik hier Middeleeuws gaan doen met deze mensen? </Disinherited.stages.disinherited.description>
  
</LanguageData>