﻿<?xml version="1.0" encoding="UTF-8"?>
<LanguageData>
  
  <!-- EN: climate adjustment -->
  <ClimateAdjustment.label>TODO</ClimateAdjustment.label>
  <!-- EN: A nearby climate adjuster is shifting the temperature. -->
  <ClimateAdjustment.description>TODO</ClimateAdjustment.description>
  <!-- EN: A climate adjuster machine has begun shifting the temperature. -->
  <ClimateAdjustment.letterText>TODO</ClimateAdjustment.letterText>
  
  <!-- EN: EMI field -->
  <EMIField.label>TODO</EMIField.label>
  <!-- EN: An electromagnetic interference dynamo is projecting an EM interference field, disabling electrical devices. -->
  <EMIField.description>TODO</EMIField.description>
  <!-- EN: a distant EMI dynamo will blast [map_definite] with an EMI field, shutting down electrical devices for [gameConditionDuration_duration] -->
  <EMIField.descriptionFuture>TODO</EMIField.descriptionFuture>
  <!-- EN: The EMI field has disappeared. -->
  <EMIField.endMessage>TODO</EMIField.endMessage>
  <!-- EN: An EMI field has been generated. It is disabling electrical devices. -->
  <EMIField.letterText>TODO</EMIField.letterText>
  
  <!-- EN: giant smoke cloud -->
  <GiantSmokeCloud.label>TODO</GiantSmokeCloud.label>
  <!-- EN: A nearby smoke spewer is reducing sunlight in this region. -->
  <GiantSmokeCloud.description>TODO</GiantSmokeCloud.description>
  <!-- EN: A smoke spewer machine has begun obscuring the sun. -->
  <GiantSmokeCloud.letterText>TODO</GiantSmokeCloud.letterText>
  
  <!-- EN: psychic suppression -->
  <PsychicSuppression.label>TODO</PsychicSuppression.label>
  <!-- EN: A psychic suppression field is affecting {0}s and reducing their consciousness. The effect is modulated by an individual's psychic sensitivity. -->
  <PsychicSuppression.description>TODO</PsychicSuppression.description>
  <!-- EN: a psychic suppression wave will reduce the consciousness of all [psychicSuppressorGender]s around [map_definite] for [gameConditionDuration_duration] -->
  <PsychicSuppression.descriptionFuture>TODO</PsychicSuppression.descriptionFuture>
  <!-- EN: The psychic suppressor field has dissipated. -->
  <PsychicSuppression.endMessage>TODO</PsychicSuppression.endMessage>
  <!-- EN: A psychic suppressor field has begun reducing the consciousness of {0}s across the whole region. The effect is modulated by an individual's psychic sensitivity. -->
  <PsychicSuppression.letterText>TODO</PsychicSuppression.letterText>
  
  <!-- EN: sun blocked -->
  <SunBlocker.label>TODO</SunBlocker.label>
  <!-- EN: A nearby sun blocker machine is turning the upper atmosphere opaque, blocking the sun. -->
  <SunBlocker.description>TODO</SunBlocker.description>
  <!-- EN: A sun blocker machine has begun blocking the sun. -->
  <SunBlocker.letterText>TODO</SunBlocker.letterText>
  
  <!-- EN: toxic spewer -->
  <ToxicSpewer.label>TODO</ToxicSpewer.label>
  <!-- EN: A nearby toxic spewer is blanketing this whole region with poison. -->
  <ToxicSpewer.description>TODO</ToxicSpewer.description>
  <!-- EN: A toxic spewer machine has begun blanketing the whole region with poison. -->
  <ToxicSpewer.letterText>TODO</ToxicSpewer.letterText>
  
  <!-- EN: forced weather -->
  <WeatherController.label>TODO</WeatherController.label>
  <!-- EN: A nearby weather controller is forcing the weather into this configuration. -->
  <WeatherController.description>TODO</WeatherController.description>
  <!-- EN: a weather-control system will force the weather around [map_definite] to be [forcedWeather_indefinite] for [gameConditionDuration_duration] -->
  <WeatherController.descriptionFuture>TODO</WeatherController.descriptionFuture>
  <!-- EN: The weather controller is no longer changing the weather. -->
  <WeatherController.endMessage>TODO</WeatherController.endMessage>
  <!-- EN: A weather controller machine has begun affecting the weather. -->
  <WeatherController.letterText>TODO</WeatherController.letterText>
  
</LanguageData>