﻿<?xml version="1.0" encoding="UTF-8"?>
<LanguageData>
  
  <!-- EN: beckon -->
  <Beckon.label>TODO</Beckon.label>
  <!-- EN: Psychically command the target to approach the caster. -->
  <Beckon.description>TODO</Beckon.description>
  
  <!-- EN: berserk -->
  <Berserk.label>TODO</Berserk.label>
  <!-- EN: Induce an angry psychosis in the target's mind, causing them to attack anyone nearby. -->
  <Berserk.description>TODO</Berserk.description>
  
  <!-- EN: berserk pulse -->
  <BerserkPulse.label>TODO</BerserkPulse.label>
  <!-- EN: Generate an overwhelming rush of undirected rage in everyone near the target point. -->
  <BerserkPulse.description>TODO</BerserkPulse.description>
  
  <!-- EN: blinding pulse -->
  <BlindingPulse.label>TODO</BlindingPulse.label>
  <!-- EN: Induce noise in the visual centers of the brain, obscuring vision of everyone near the target point. -->
  <BlindingPulse.description>TODO</BlindingPulse.description>
  
  <!-- EN: bullet shield -->
  <BulletShield.label>TODO</BulletShield.label>
  <!-- EN: Generate a spherical skipgate that sends all incoming and outgoing ground-level projectiles to some distant place. People and items are not affected. -->
  <BulletShield.description>TODO</BulletShield.description>
  
  <!-- EN: burden -->
  <Burden.label>TODO</Burden.label>
  <!-- EN: Slow the target for a short time by suppressing motor activity in the brain. -->
  <Burden.description>TODO</Burden.description>
  
  <!-- EN: chaos skip -->
  <ChaosSkip.label>TODO</ChaosSkip.label>
  <!-- EN: Teleport the target to a random position near where he started. -->
  <ChaosSkip.description>TODO</ChaosSkip.description>
  
  <!-- EN: neural heat dump -->
  <EntropyDump.label>TODO</EntropyDump.label>
  <!-- EN: Instantly dump all your neural heat into someone else. As a side-effect, the target will fall into a debilitating but non-damaging coma for about a day. The target must actively accept the psychic invasion, so only conscious allies can be targeted. -->
  <EntropyDump.description>TODO</EntropyDump.description>
  
  <!-- EN: flashstorm -->
  <Flashstorm.label>TODO</Flashstorm.label>
  <!-- EN: Use differential-pressure skipgates in the atmosphere to generate a localized flashstorm. The storm will strike the area with lightning for some time before dissipating. -->
  <Flashstorm.description>TODO</Flashstorm.description>
  
  <!-- EN: focus -->
  <Focus.label>TODO</Focus.label>
  <!-- EN: Psychically focus the target's mind, boosting their sight, hearing and moving capacities. -->
  <Focus.description>TODO</Focus.description>
  
  <!-- EN: invisibility -->
  <Invisibility.label>TODO</Invisibility.label>
  <!-- EN: Psychically manipulate the visual centers of everyone nearby, rendering them unable to perceive a particular individual for a short time. -->
  <Invisibility.description>TODO</Invisibility.description>
  
  <!-- EN: manhunter pulse -->
  <ManhunterPulse.label>TODO</ManhunterPulse.label>
  <!-- EN: Drive nearby animals into a manhunting rage using a psychic pulse. -->
  <ManhunterPulse.description>TODO</ManhunterPulse.description>
  
  <!-- EN: mass chaos skip -->
  <MassChaosSkip.label>TODO</MassChaosSkip.label>
  <!-- EN: Skip everyone near a target point to a random location nearby. -->
  <MassChaosSkip.description>TODO</MassChaosSkip.description>
  
  <!-- EN: painblock -->
  <Painblock.label>TODO</Painblock.label>
  <!-- EN: Block pain pathways in the target's brain for a short time. This can allow a person to move and act even with grievous injuries which would normally incapacitate them. -->
  <Painblock.description>TODO</Painblock.description>
  
  <!-- EN: skip -->
  <Skip.label>TODO</Skip.label>
  <!-- EN: Teleport the target to a desired position not too far from his starting point. -->
  <Skip.description>TODO</Skip.description>
  
  <!-- EN: smokepop -->
  <Smokepop.label>TODO</Smokepop.label>
  <!-- EN: Skip dust particles up from under the ground surface to form a thick cloud. This reduces the accuracy of any shot fired through it, and preventing turrets from locking on entirely. -->
  <Smokepop.description>TODO</Smokepop.description>
  
  <!-- EN: throne speech -->
  <Speech.label>TODO</Speech.label>
  <!-- EN: Initiate a speech from the throne. All colonists will come and listen. If it goes well, listeners will feel inspired, and gain respect for the speaker. If it goes poorly, the speech will do social damage. The outcome depends on the speaker's social abilities. -->
  <Speech.description>TODO</Speech.description>
  
  <!-- EN: stun -->
  <Stun.label>TODO</Stun.label>
  <!-- EN: Momentarily disrupt motor function in target's brain, preventing any movement. -->
  <Stun.description>TODO</Stun.description>
  
  <!-- EN: vertigo pulse -->
  <VertigoPulse.label>TODO</VertigoPulse.label>
  <!-- EN: Interfere with the spatial orientation sense of everyone near the target point, causing intermittent loss of balance. Flesh creatures will become extremely nauseous as well. -->
  <VertigoPulse.description>TODO</VertigoPulse.description>
  
  <!-- EN: wallraise -->
  <Wallraise.label>TODO</Wallraise.label>
  <!-- EN: Form a temporary wall by skipping rubble and soil up from deep under the ground. -->
  <Wallraise.description>TODO</Wallraise.description>
  
  <!-- EN: waterskip -->
  <Waterskip.label>TODO</Waterskip.label>
  <!-- EN: Douse a target area in water, extinguishing fires. The water is archotechnologically skipped from distant bodies of water or underground aquifers. -->
  <Waterskip.description>TODO</Waterskip.description>
  
</LanguageData>