﻿<?xml version="1.0" encoding="UTF-8"?>
<LanguageData>
  
  <!-- EN:
    <li>questDescription->[asker_nameFull], a [asker_royalTitleInCurrentFaction] of [asker_faction_name] is calling from nearby. [asker_possessive] guards were killed in an ambush. [asker_pronoun] escaped, but is now being followed by a manhunting [animalKindDef_label].\n\n[asker_nameDef] wants you to keep [asker_objective] safe at [map_definite] for a few hours until [asker_possessive] shuttle can come pick [asker_objective] up.\n\n[asker_pronoun] will bestow [royalFavorReward] [asker_faction_royalFavorLabel] on whoever accepts this quest. This is enough favor to receive the royal title of Yeoman, and all benefits that come with it - including the first level of psychic powers.</li>
  -->
  <Intro_Wimp.questDescriptionRules.rulesStrings>TODO</Intro_Wimp.questDescriptionRules.rulesStrings>
  <!-- EN:
    <li>questName->the [adjAny] [asker_royalTitleInCurrentFaction]</li>
    <li>adjAny->hunted</li>
    <li>adjAny->fleeing</li>
    <li>adjAny->solitary</li>
    <li>adjAny->ambushed</li>
  -->
  <Intro_Wimp.questNameRules.rulesStrings>TODO</Intro_Wimp.questNameRules.rulesStrings>
  <!-- EN: [animalKindDef_label] arrived -->
  <Intro_Wimp.LetterLabelAnimalArrived.slateRef>TODO</Intro_Wimp.LetterLabelAnimalArrived.slateRef>
  <!-- EN: The [animalKindDef_label] that [asker_nameDef] was fleeing has arrived.\n\nIt turned out to be quite gentle and not aggressive at all. -->
  <Intro_Wimp.LetterTextAnimalArrived.slateRef>TODO</Intro_Wimp.LetterTextAnimalArrived.slateRef>
  <!-- EN: Manhunting [animalKindDef_label] -->
  <Intro_Wimp.LetterLabelAngryAnimal.slateRef>TODO</Intro_Wimp.LetterLabelAngryAnimal.slateRef>
  <!-- EN: The [animalKindDef_label] which was following [asker_nameFull] has arrived in the area. -->
  <Intro_Wimp.LetterTextAngryAnimal.slateRef>TODO</Intro_Wimp.LetterTextAngryAnimal.slateRef>
  <!-- EN: Should depart on shuttle -->
  <Intro_Wimp.InspectStringDepartShuttle.slateRef>TODO</Intro_Wimp.InspectStringDepartShuttle.slateRef>
  <!-- EN: Shuttle arrived -->
  <Intro_Wimp.LetterLabelShuttleArrived.slateRef>TODO</Intro_Wimp.LetterLabelShuttleArrived.slateRef>
  <!-- EN: The shuttle has arrived to collect [asker_nameDef]. -->
  <Intro_Wimp.LetterTextShuttleArrived.slateRef>TODO</Intro_Wimp.LetterTextShuttleArrived.slateRef>
  <!-- EN: Guest died: {SUBJECT_definite} -->
  <Intro_Wimp.LetterLabelGuestDied.slateRef>TODO</Intro_Wimp.LetterLabelGuestDied.slateRef>
  <!-- EN: {SUBJECT_definite}, who you were charged to protect, has died. [failLetterEndingCommon] -->
  <Intro_Wimp.LetterTextGuestDied.slateRef>TODO</Intro_Wimp.LetterTextGuestDied.slateRef>
  <!-- EN: Unauthorized surgery: {SUBJECT_definite} -->
  <Intro_Wimp.LetterLabelUnauthorizedSurgery.slateRef>TODO</Intro_Wimp.LetterLabelUnauthorizedSurgery.slateRef>
  <!-- EN: Unauthorized, violating surgery has been performed on {SUBJECT_definite}, who you were charged to protect. Because of this violation, [asker_pronoun] will now attempt to leave. [failLetterEndingCommon] -->
  <Intro_Wimp.LetterTextUnauthorizedSurgery.slateRef>TODO</Intro_Wimp.LetterTextUnauthorizedSurgery.slateRef>
  <!-- EN: Captured: {SUBJECT_definite} -->
  <Intro_Wimp.LetterLabelCaptured.slateRef>TODO</Intro_Wimp.LetterLabelCaptured.slateRef>
  <!-- EN: {SUBJECT_definite}, who you were charged to host, has been arrested. [failLetterEndingCommon] -->
  <Intro_Wimp.LetterTextCaptured.slateRef>TODO</Intro_Wimp.LetterTextCaptured.slateRef>
  <!-- EN: Guest lost: {SUBJECT_definite} -->
  <Intro_Wimp.LetterLabelGuestLost.slateRef>TODO</Intro_Wimp.LetterLabelGuestLost.slateRef>
  <!-- EN: {SUBJECT_definite}, who you were charged to protect, has left the designated settlement. [failLetterEndingCommon] -->
  <Intro_Wimp.LetterTextGuestLost.slateRef>TODO</Intro_Wimp.LetterTextGuestLost.slateRef>
  <!-- EN: Shuttle destroyed -->
  <Intro_Wimp.LetterLabelShuttleDestroyed.slateRef>TODO</Intro_Wimp.LetterLabelShuttleDestroyed.slateRef>
  <!-- EN: The shuttle sent to collect [asker_nameDef] has been destroyed. [asker_pronoun] will now leave on foot. [failLetterEndingCommon] -->
  <Intro_Wimp.LetterTextShuttleDestroyed.slateRef>TODO</Intro_Wimp.LetterTextShuttleDestroyed.slateRef>
  <!-- EN: Quest failed: [resolvedQuestName] -->
  <Intro_Wimp.LetterLabelQuestFailed.slateRef>TODO</Intro_Wimp.LetterLabelQuestFailed.slateRef>
  <!-- EN: The shuttle sent to collect [asker_nameDef] has departed without [asker_objective]. [asker_pronoun] will now leave on foot. [failLetterEndingCommon] -->
  <Intro_Wimp.LetterTextQuestFailed.slateRef>TODO</Intro_Wimp.LetterTextQuestFailed.slateRef>
  
</LanguageData>