﻿<?xml version="1.0" encoding="UTF-8"?>
<LanguageData>
  
  <!-- EN:
    <li>questDescription->[intro]The [asker_faction_leaderTitle] of [asker_faction_name] will perform a customary visit with any Count of his domain upon request. Invite him, satisfy his royal needs for [shuttleDelayTicks_duration], and all of you can ride the shuttle to the Imperial flotilla. You may then join the Imperial court, or escape to a new life among the stars.\n\nEarning the title of Count means completing quests to earn [asker_faction_royalFavorLabel] with [asker_faction_name]. It may take years to finally achieve the title of Count.\n\nDuring his visit, you must keep his mood above [lodgersMoodThreshold_percent]. This means providing royal perquisites like a lavish bedroom.[threatsInfo]\n\nThe [asker_faction_leaderTitle] will bring four of his personal guards and place them under your command. You must house these guards, but the [asker_faction_leaderTitle] will not complain if they are killed or unhappy.\n\nYou must keep the visitors at [map_definite] and not send them anywhere else. If you fail this quest or migrate, you will have another chance at it later.</li>
    <li>intro(sameQuestsCount==0)->You have learned of a way to escape this planet!\n\n</li>
    <li>intro(sameQuestsCount>=1)->You have been given another chance at royal ascent.\n\n</li>
    <li>threatsInfo(allowViolentQuests==true,priority=1)->\n\nOthers will take the opportunity to try to kill the [asker_faction_leaderTitle], and will attack with great intensity. Be prepared to defend.</li>
    <li>threatsInfo-></li>
  -->
  <EndGame_RoyalAscent.questDescriptionRules.rulesStrings>TODO</EndGame_RoyalAscent.questDescriptionRules.rulesStrings>
  <!-- EN:
    <li>questName(sameQuestsCount==0)->Royal Ascent</li>
    <li>questName(sameQuestsCount>=1)->Royal [titleEnd]</li>
    <li>titleEnd->Ascension</li>
    <li>titleEnd->Ascendance</li>
    <li>titleEnd->Visitor</li>
    <li>titleEnd->Guest</li>
    <li>titleEnd->Host</li>
    <li>titleEnd->Victory</li>
  -->
  <EndGame_RoyalAscent.questNameRules.rulesStrings>TODO</EndGame_RoyalAscent.questNameRules.rulesStrings>
  <!-- EN: Quest failed: [resolvedQuestName] -->
  <EndGame_RoyalAscent.LetterLabelFactionBecameHostile.slateRef>TODO</EndGame_RoyalAscent.LetterLabelFactionBecameHostile.slateRef>
  <!-- EN: [faction_name] became hostile to you.  -->
  <EndGame_RoyalAscent.LetterTextFactionBecameHostile.slateRef>TODO</EndGame_RoyalAscent.LetterTextFactionBecameHostile.slateRef>
  <!-- EN: asker.NoLongerFactionLeader -->
  <EndGame_RoyalAscent.root.nodes.ReplaceLostLeaderReferences.inSignal.slateRef>TODO</EndGame_RoyalAscent.root.nodes.ReplaceLostLeaderReferences.inSignal.slateRef>
  <!-- EN: [asker_faction_leaderTitle] arrived -->
  <EndGame_RoyalAscent.LetterLabelAskerArrived.value.slateRef>TODO</EndGame_RoyalAscent.LetterLabelAskerArrived.value.slateRef>
  <!-- EN: The [asker_faction_leaderTitle] of [asker_faction_name], has arrived.\n\nProtect him and satisfy his royal needs until the shuttle arrives in [shuttleDelayTicks_duration].\n\nAll of you can accompany the [asker_faction_leaderTitle] on the shuttle and travel to the Imperial flotilla to begin a new life. -->
  <EndGame_RoyalAscent.LetterTextAskerArrived.value.slateRef>TODO</EndGame_RoyalAscent.LetterTextAskerArrived.value.slateRef>
  <!-- EN: Should depart on shuttle -->
  <EndGame_RoyalAscent.InspectStringDepartShuttle.slateRef>TODO</EndGame_RoyalAscent.InspectStringDepartShuttle.slateRef>
  <!-- EN: Shuttle arrived -->
  <EndGame_RoyalAscent.LetterLabelShuttleArrived.slateRef>TODO</EndGame_RoyalAscent.LetterLabelShuttleArrived.slateRef>
  <!-- EN: The shuttle has arrived to collect the [asker_faction_leaderTitle].\n\nAll of you can accompany the [asker_faction_leaderTitle] on the shuttle and travel to the Imperial flotilla to begin a new life. -->
  <EndGame_RoyalAscent.LetterTextShuttleArrived.slateRef>TODO</EndGame_RoyalAscent.LetterTextShuttleArrived.slateRef>
  <!-- EN: The high stellarch will now welcome you into the Imperial flotilla as an honored noble party.\n\nYou might stay in the Imperial court and jockey for political power. Perhaps you'll avoid the drama and focus on enjoying ultratech luxuries. Or, you might even buy a ship and set a course for your long-lost home.\n\nThe choice is up to you. -->
  <EndGame_RoyalAscent.EndGameEndingText.slateRef>TODO</EndGame_RoyalAscent.EndGameEndingText.slateRef>
  <!-- EN: You've escaped on the Imperial shuttle! -->
  <EndGame_RoyalAscent.EndGameIntroText.slateRef>TODO</EndGame_RoyalAscent.EndGameIntroText.slateRef>
  <!-- EN: {SUBJECT_bestRoyalTitle} unhappy -->
  <EndGame_RoyalAscent.LetterLabelSubjectUnhappy.slateRef>TODO</EndGame_RoyalAscent.LetterLabelSubjectUnhappy.slateRef>
  <!-- EN: {SUBJECT_definite}, who you were charged to protect and keep happy, has been below the minimum mood of [lodgersMoodThreshold] too long. [failLetterEndingCommon] -->
  <EndGame_RoyalAscent.LetterTextSubjectUnhappy.slateRef>TODO</EndGame_RoyalAscent.LetterTextSubjectUnhappy.slateRef>
  <!-- EN: Guest died: {SUBJECT_definite} -->
  <EndGame_RoyalAscent.LetterLabelGuestDied.slateRef>TODO</EndGame_RoyalAscent.LetterLabelGuestDied.slateRef>
  <!-- EN: {SUBJECT_definite}, who you were charged to protect, has died. [failLetterEndingCommon] -->
  <EndGame_RoyalAscent.LetterTextGuestDied.slateRef>TODO</EndGame_RoyalAscent.LetterTextGuestDied.slateRef>
  <!-- EN: Guest captured: {SUBJECT_definite} -->
  <EndGame_RoyalAscent.LetterLabelGuestCaptured.slateRef>TODO</EndGame_RoyalAscent.LetterLabelGuestCaptured.slateRef>
  <!-- EN: {SUBJECT_definite}, who you were charged to protect, has been arrested. [failLetterEndingCommon] -->
  <EndGame_RoyalAscent.LetterTextGuestCaptured.slateRef>TODO</EndGame_RoyalAscent.LetterTextGuestCaptured.slateRef>
  <!-- EN: Unauthorized surgery: {SUBJECT_definite} -->
  <EndGame_RoyalAscent.LetterLabelUnauthorizedSurgery.slateRef>TODO</EndGame_RoyalAscent.LetterLabelUnauthorizedSurgery.slateRef>
  <!-- EN: Unauthorized, violating surgery has been performed on {SUBJECT_definite}, who you were charged to protect. [failLetterEndingCommon] -->
  <EndGame_RoyalAscent.LetterTextUnauthorizedSurgery.slateRef>TODO</EndGame_RoyalAscent.LetterTextUnauthorizedSurgery.slateRef>
  <!-- EN: Guest lost: {SUBJECT_definite} -->
  <EndGame_RoyalAscent.LetterLabelGuestLost.slateRef>TODO</EndGame_RoyalAscent.LetterLabelGuestLost.slateRef>
  <!-- EN: {SUBJECT_definite}, who you were charged to protect, has left the assigned settlement. [failLetterEndingCommon] -->
  <EndGame_RoyalAscent.LetterTextGuestLost.slateRef>TODO</EndGame_RoyalAscent.LetterTextGuestLost.slateRef>
  <!-- EN: Shuttle destroyed -->
  <EndGame_RoyalAscent.LetterLabelShuttleDestroyed.slateRef>TODO</EndGame_RoyalAscent.LetterLabelShuttleDestroyed.slateRef>
  <!-- EN: The shuttle sent to collect the [asker_faction_leaderTitle] has been destroyed. [failLetterEndingCommon] -->
  <EndGame_RoyalAscent.LetterTextShuttleDestroyed.slateRef>TODO</EndGame_RoyalAscent.LetterTextShuttleDestroyed.slateRef>
  <!-- EN: Quest failed: [resolvedQuestName] -->
  <EndGame_RoyalAscent.LetterLabelShuttleSentUnsatisfied.slateRef>TODO</EndGame_RoyalAscent.LetterLabelShuttleSentUnsatisfied.slateRef>
  <!-- EN: The shuttle sent to collect the [asker_faction_leaderTitle] has departed without him. He will now leave on foot. [failLetterEndingCommon] -->
  <EndGame_RoyalAscent.LetterTextShuttleSentUnsatisfied.slateRef>TODO</EndGame_RoyalAscent.LetterTextShuttleSentUnsatisfied.slateRef>
  
</LanguageData>