﻿<?xml version="1.0" encoding="UTF-8"?>
<LanguageData>
  
  <!-- EN: Monument completed -->
  <BuildMonumentWorker.LetterLabelMonumentConstructed.slateRef>TODO</BuildMonumentWorker.LetterLabelMonumentConstructed.slateRef>
  <!-- EN: You completed construction of the monument.\n\nYou must not destroy it for at least [keepMonumentTicks_duration], otherwise you will anger [asker_factionName] ([goodwillChangeIfMonumentDestroyed] goodwill). -->
  <BuildMonumentWorker.LetterTextMonumentConstructed.slateRef>TODO</BuildMonumentWorker.LetterTextMonumentConstructed.slateRef>
  <!-- EN: Monument destroyed -->
  <BuildMonumentWorker.LetterLabelMonumentRuined.slateRef>TODO</BuildMonumentWorker.LetterLabelMonumentRuined.slateRef>
  <!-- EN: [asker_nameDef] is offended that you allowed the monument to be ruined so soon after completion.\n\nYour relations with [asker_faction_name] have fallen by [goodwillChangeIfMonumentDestroyed]. -->
  <BuildMonumentWorker.LetterTextMonumentRuined.slateRef>TODO</BuildMonumentWorker.LetterTextMonumentRuined.slateRef>
  <!-- EN: Do not destroy the monument for {0} -->
  <BuildMonumentWorker.DontDestroyMonumentForDays.slateRef>TODO</BuildMonumentWorker.DontDestroyMonumentForDays.slateRef>
  <!-- EN: Do not destroy the monument for {0} -->
  <BuildMonumentWorker.DontDestroyMonumentForDaysTip.slateRef>TODO</BuildMonumentWorker.DontDestroyMonumentForDaysTip.slateRef>
  <!-- EN: Keep monument {0} -->
  <BuildMonumentWorker.KeepMonument.slateRef>TODO</BuildMonumentWorker.KeepMonument.slateRef>
  <!-- EN: The monument for the quest '[resolvedQuestName]' has been violated. Consequences will follow. -->
  <BuildMonumentWorker.MessageMonumentViolated.slateRef>TODO</BuildMonumentWorker.MessageMonumentViolated.slateRef>
  <!-- EN: Protect the monument for {0} -->
  <BuildMonumentWorker.ProtectMonumentForDays.slateRef>TODO</BuildMonumentWorker.ProtectMonumentForDays.slateRef>
  <!-- EN: Protect the monument until {0} -->
  <BuildMonumentWorker.ProtectMonumentForDaysTip.slateRef>TODO</BuildMonumentWorker.ProtectMonumentForDaysTip.slateRef>
  <!-- EN: Protect for {0} -->
  <BuildMonumentWorker.ProtectMonument.slateRef>TODO</BuildMonumentWorker.ProtectMonument.slateRef>
  <!-- EN: New monument marker arrived -->
  <BuildMonumentWorker.LetterLabelMonumentMarkerArrived.slateRef>TODO</BuildMonumentWorker.LetterLabelMonumentMarkerArrived.slateRef>
  <!-- EN: Since the monument marker has been destroyed, a new one has been sent. -->
  <BuildMonumentWorker.LetterTextMonumentMarkerArrived.slateRef>TODO</BuildMonumentWorker.LetterTextMonumentMarkerArrived.slateRef>
  <!-- EN: Monument time expired -->
  <BuildMonumentWorker.LetterLabelTimeExpired.slateRef>TODO</BuildMonumentWorker.LetterLabelTimeExpired.slateRef>
  <!-- EN: Your time limit to construct the monument has expired. [failLetterEndingCommon] -->
  <BuildMonumentWorker.LetterTextTimeExpired.slateRef>TODO</BuildMonumentWorker.LetterTextTimeExpired.slateRef>
  
</LanguageData>