﻿<?xml version="1.0" encoding="UTF-8"?>
<LanguageData>
  
  <!-- EN:
    <li>commonEnding->The monument is [monumentSize] in size and will require these resources (total value [monumentRequiredResourcesMarketValue_money]):\n\n[monumentRequiredResources]\n\nConstruction must be completed within [constructionTimeoutTicks_duration] of accepting the task.\n\nAfter completion, you'll have to protect the monument for [haveToProtectForTicks_duration]. If any piece of it is destroyed, [asker2]'s enforcement system will activate and [threatDescription]\n\nYou'll receive the rewards when you finish construction.</li>
  -->
  <BuildMonument_TimeProtect.questDescriptionRules.rulesStrings>TODO</BuildMonument_TimeProtect.questDescriptionRules.rulesStrings>
  <!-- EN: Monument completed -->
  <BuildMonument_TimeProtect.LetterLabelMonumentComplete.slateRef>TODO</BuildMonument_TimeProtect.LetterLabelMonumentComplete.slateRef>
  <!-- EN: You completed construction of the monument.\n\nYou must now protect the monument for [haveToProtectForTicks_duration]. If any piece of it is destroyed, [asker2]'s enforcement system will activate and [threatDescription] -->
  <BuildMonument_TimeProtect.LetterTextMonumentComplete.slateRef>TODO</BuildMonument_TimeProtect.LetterTextMonumentComplete.slateRef>
  
</LanguageData>