﻿<?xml version="1.0" encoding="UTF-8"?>
<LanguageData>
  
  <!-- EN:
    <li>questDescription(asker_factionLeader==True)->[asker_nameFull], [asker_faction_leaderTitle] of [asker_faction_name], wants you to help save one of [asker_possessive] caravans. The caravan is being hunted near [map_definite] by [numGroupsOf] [enemyFaction_pawnsPlural] from [enemyFaction_name]. [asker_nameDef] wants you to signal the [enemyFaction_pawnsPlural] to draw them away from the caravan - and towards you.\n\n[pawnKindsParagraph]\n\n[helpersParagraph]If you accept, the [enemyFaction_pawnsPlural] will arrive in [firstRaidDelayTicks_duration].</li>
    <li>questDescription(asker_royalInCurrentFaction==True)->[asker_nameFull], a [asker_royalTitleInCurrentFaction] of [asker_faction_name], is making a request of you.\n\n[groupsOf] from [enemyFaction_name] have been harassing [asker_possessive] caravans in the area. [asker_nameDef] asks that you send them a challenge message, attracting them to attack and eliminating the threat yourself.\n\n[pawnKindsParagraph]\n\n[helpersParagraph]If you accept, the [enemyFaction_pawnsPlural] will arrive in [firstRaidDelayTicks_duration].</li>
    <li>groupsOf(raidCount==1,priority=1)->[enemyFaction_pawnsPlural]</li>
    <li>groupsOf->[numGroupsOf] [enemyFaction_pawnsPlural]</li>
  -->
  <ThreatReward_Raid_MiscReward.questDescriptionRules.rulesStrings>TODO</ThreatReward_Raid_MiscReward.questDescriptionRules.rulesStrings>
  <!-- EN:
    <li>questName->[enemyFaction_pawnsPlural] of Fortune</li>
    <li>questName->[violence] of Fortune</li>
    <li>questName->[violence] for Hire</li>
    <li>questName->[violence] for Profit</li>
    <li>questName->Rewarded [violence]</li>
    <li>questName->Paid [violence]</li>
    <li>questName->Compensated [violence]</li>
    <li>questName(reward==royalFavor)->[enemyFaction_pawnsPlural] for Favor</li>
    <li>questName(reward==royalFavor)->[violence] for Favor</li>
    <li>violence->Violence</li>
    <li>violence->Battle</li>
    <li>violence->Combat</li>
    <li>violence->War</li>
    <li>violence->Fighting</li>
    <li>violence->Bloodshed</li>
    <li>violence->Attack</li>
    <li>violence->Defense</li>
    <li>violence->Conflict</li>
    <li>violence->Hostility</li>
    <li>violence->Warfare</li>
  -->
  <ThreatReward_Raid_MiscReward.questNameRules.rulesStrings>TODO</ThreatReward_Raid_MiscReward.questNameRules.rulesStrings>
  
</LanguageData>