﻿<?xml version="1.0" encoding="UTF-8"?>
<LanguageData>
  
  <!-- EN: Meditation desired psyfocus -->
  <MeditationDesiredPsyfocus.label>TODO</MeditationDesiredPsyfocus.label>
  <!-- EN: You can set a desired psyfocus level for each colonist. To do this, select a colonist with psylink, and click on their psyfocus bar.\n\nIf a colonist's psyfocus is below their desired level, they will meditate automatically during the "Anything" time assignment. -->
  <MeditationDesiredPsyfocus.helpText>TODO</MeditationDesiredPsyfocus.helpText>
  
  <!-- EN: Meditation schedule -->
  <MeditationSchedule.label>TODO</MeditationSchedule.label>
  <!-- EN: You can assign your colonists to meditate on a specific schedule.\n\nOpen the SCHEDULE tab, select the 'Meditate' assignment and click-drag the times when you want someone to meditate. -->
  <MeditationSchedule.helpText>TODO</MeditationSchedule.helpText>
  
</LanguageData>