﻿<?xml version="1.0" encoding="UTF-8"?>
<LanguageData>
  
  <!-- EN:
    <li>r_weapon_name(p=3)->[noun][verber]</li>
    <li>r_weapon_name(p=2)->[beginSyl][middleSyl][endSyl]</li>
    <li>r_weapon_name(p=1)->[beginSyl][middleSyl][middleSyl][endSyl]</li>
    <li>r_weapon_name(p=1)->[beginSyl][endSyl]</li>
    <li>r_weapon_name(p=1)->[NamePerson]</li>
    <li>r_weapon_name(p=1)->[nameAnimal]</li>
    <li>nameAnimal->[NameAnimalUnisex]</li>
    <li>nameAnimal->[NameAnimalMale]</li>
    <li>nameAnimal->[NameAnimalFemale]</li>
    <li>noun->oath</li>
    <li>noun->promise</li>
    <li>noun->death</li>
    <li>noun->pain</li>
    <li>noun->blood</li>
    <li>noun->doom</li>
    <li>noun->murder</li>
    <li>noun->justice</li>
    <li>noun->fear</li>
    <li>noun->terror</li>
    <li>noun->chaos</li>
    <li>noun->order</li>
    <li>noun->war</li>
    <li>noun->silence</li>
    <li>noun->debt</li>
    <li>verber->keeper</li>
    <li>verber->bringer</li>
    <li>verber->sender</li>
    <li>verber->giver</li>
    <li>verber->maker</li>
    <li>verber->crusher</li>
    <li>verber->breaker</li>
    <li>verber->smasher</li>
    <li>verber->bender</li>
    <li>verber->knower</li>
    <li>verber->doer</li>
    <li>beginSyl->vi</li>
    <li>beginSyl->na</li>
    <li>beginSyl->lo</li>
    <li>beginSyl->ra</li>
    <li>beginSyl->to</li>
    <li>beginSyl->ger</li>
    <li>beginSyl->xan</li>
    <li>beginSyl->kel</li>
    <li>middleSyl->ser</li>
    <li>middleSyl->gar</li>
    <li>middleSyl->lor</li>
    <li>middleSyl->ven</li>
    <li>middleSyl->zan</li>
    <li>middleSyl->xal</li>
    <li>endSyl->ys</li>
    <li>endSyl->or</li>
    <li>endSyl->ar</li>
    <li>endSyl->sum</li>
    <li>endSyl->dor</li>
    <li>endSyl->mar</li>
    <li>endSyl->gur</li>
  -->
  <NamerWeaponBladelink.rulePack.rulesStrings>TODO</NamerWeaponBladelink.rulePack.rulesStrings>
  
</LanguageData>