﻿<?xml version="1.0" encoding="UTF-8"?>
<LanguageData>
  
  <!-- EN: meditation psyfocus gain -->
  <MeditationFocusGain.label>TODO</MeditationFocusGain.label>
  <!-- EN: The amount of psyfocus a person gains per day of meditation, ignoring bonuses from focus objects. -->
  <MeditationFocusGain.description>TODO</MeditationFocusGain.description>
  <!-- EN: {0} / day -->
  <MeditationFocusGain.formatString>TODO</MeditationFocusGain.formatString>
  <!-- EN: {0} / day -->
  <MeditationFocusGain.formatStringUnfinalized>TODO</MeditationFocusGain.formatStringUnfinalized>
  
  <!-- EN: neural heat gain -->
  <PsychicEntropyGain.label>TODO</PsychicEntropyGain.label>
  <!-- EN: A multiplier on neural heat gained from any source. -->
  <PsychicEntropyGain.description>TODO</PsychicEntropyGain.description>
  
  <!-- EN: neural heat limit -->
  <PsychicEntropyMax.label>TODO</PsychicEntropyMax.label>
  <!-- EN: The maximum amount of neural heat individual can tolerate safely. -->
  <PsychicEntropyMax.description>TODO</PsychicEntropyMax.description>
  
  <!-- EN: neural heat recovery rate -->
  <PsychicEntropyRecoveryRate.label>TODO</PsychicEntropyRecoveryRate.label>
  <!-- EN: The rate at which this person reduces neural heat. -->
  <PsychicEntropyRecoveryRate.description>TODO</PsychicEntropyRecoveryRate.description>
  <!-- EN: {0}/s -->
  <PsychicEntropyRecoveryRate.formatString>TODO</PsychicEntropyRecoveryRate.formatString>
  
</LanguageData>