﻿<?xml version="1.0" encoding="UTF-8"?>
<LanguageData>
  
  <!-- EN: climate adjuster -->
  <ClimateAdjuster.label>TODO</ClimateAdjuster.label>
  <!-- EN: A climate adjuster. -->
  <ClimateAdjuster.description>TODO</ClimateAdjuster.description>
  
  <!-- EN: EMI dynamo -->
  <EMIDynamo.label>TODO</EMIDynamo.label>
  <!-- EN: An EMI dynamo. -->
  <EMIDynamo.description>TODO</EMIDynamo.description>
  
  <!-- EN: psychic droner -->
  <PsychicDroner.label>TODO</PsychicDroner.label>
  <!-- EN: A psychic droner. -->
  <PsychicDroner.description>TODO</PsychicDroner.description>
  
  <!-- EN: psychic suppressor -->
  <PsychicSuppressor.label>TODO</PsychicSuppressor.label>
  <!-- EN: A psychic suppressor. -->
  <PsychicSuppressor.description>TODO</PsychicSuppressor.description>
  
  <!-- EN: smoke spewer -->
  <SmokeSpewer.label>TODO</SmokeSpewer.label>
  <!-- EN: A smoke spewer. -->
  <SmokeSpewer.description>TODO</SmokeSpewer.description>
  
  <!-- EN: sun blocker -->
  <SunBlocker.label>TODO</SunBlocker.label>
  <!-- EN: A sun blocker machine which turns the sky opaque. -->
  <SunBlocker.description>TODO</SunBlocker.description>
  
  <!-- EN: toxic spewer -->
  <ToxicSpewer.label>TODO</ToxicSpewer.label>
  <!-- EN: A toxic spewer. -->
  <ToxicSpewer.description>TODO</ToxicSpewer.description>
  
  <!-- EN: weather controller -->
  <WeatherController.label>TODO</WeatherController.label>
  <!-- EN: A weather controller. -->
  <WeatherController.description>TODO</WeatherController.description>
  
</LanguageData>