﻿<?xml version="1.0" encoding="UTF-8"?>
<LanguageData>
  
  <!-- EN: listening to harp -->
  <ListeningToHarp.stages.listening_to_harp.label>TODO</ListeningToHarp.stages.listening_to_harp.label>
  <!-- EN: The harp is so soothing. -->
  <ListeningToHarp.stages.listening_to_harp.description>TODO</ListeningToHarp.stages.listening_to_harp.description>
  
  <!-- EN: listening to harpsichord -->
  <ListeningToHarpsichord.stages.listening_to_harpsichord.label>TODO</ListeningToHarpsichord.stages.listening_to_harpsichord.label>
  <!-- EN: The complexity of the harpsichord fulfills my mind. -->
  <ListeningToHarpsichord.stages.listening_to_harpsichord.description>TODO</ListeningToHarpsichord.stages.listening_to_harpsichord.description>
  
  <!-- EN: listening to piano -->
  <ListeningToPiano.stages.listening_to_piano.label>TODO</ListeningToPiano.stages.listening_to_piano.label>
  <!-- EN: The piano's range makes me feel melancholy, excited, and whimsical at the same time. What a sound. -->
  <ListeningToPiano.stages.listening_to_piano.description>TODO</ListeningToPiano.stages.listening_to_piano.description>
  
</LanguageData>