﻿<?xml version="1.0" encoding="UTF-8"?>
<LanguageData>
  
  <!-- EN: anima scream -->
  <AnimaScream.stages.anima_scream.label>TODO</AnimaScream.stages.anima_scream.label>
  <!-- EN: Such a pain in my head when the tree died. And it keeps echoing... -->
  <AnimaScream.stages.anima_scream.description>TODO</AnimaScream.stages.anima_scream.description>
  
  <!-- EN: decree ignored -->
  <DecreeUnmet.stages.decree_ignored.label>TODO</DecreeUnmet.stages.decree_ignored.label>
  <!-- EN: My decree has been ignored for far too long {0}. -->
  <DecreeUnmet.stages.decree_ignored.description>TODO</DecreeUnmet.stages.decree_ignored.description>
  
  <!-- EN: minor psychic breakdown -->
  <PsychicEntropyOverloaded.stages.minor_psychic_breakdown.label>TODO</PsychicEntropyOverloaded.stages.minor_psychic_breakdown.label>
  <!-- EN: There's an electrical pain behind my eyes. It's hard to focus; hard to think. -->
  <PsychicEntropyOverloaded.stages.minor_psychic_breakdown.description>TODO</PsychicEntropyOverloaded.stages.minor_psychic_breakdown.description>
  <!-- EN: major psychic breakdown -->
  <PsychicEntropyOverloaded.stages.major_psychic_breakdown.label>TODO</PsychicEntropyOverloaded.stages.major_psychic_breakdown.label>
  <!-- EN: My mind has been stir-fried. Dizzy, fuzzy, can't think, always aching. -->
  <PsychicEntropyOverloaded.stages.major_psychic_breakdown.description>TODO</PsychicEntropyOverloaded.stages.major_psychic_breakdown.description>
  <!-- EN: total psychic breakdown -->
  <PsychicEntropyOverloaded.stages.total_psychic_breakdown.label>TODO</PsychicEntropyOverloaded.stages.total_psychic_breakdown.label>
  <!-- EN: I'm spinning, it hurts, I'm dizzy, think, can't think, can't think... -->
  <PsychicEntropyOverloaded.stages.total_psychic_breakdown.description>TODO</PsychicEntropyOverloaded.stages.total_psychic_breakdown.description>
  
</LanguageData>