﻿<?xml version="1.0" encoding="UTF-8"?>
<LanguageData>
  
  <!-- EN: decree failed -->
  <DecreeFailed.stages.decree_failed.label>TODO</DecreeFailed.stages.decree_failed.label>
  <!-- EN: My noble authority has not been respected as it should be. -->
  <DecreeFailed.stages.decree_failed.description>TODO</DecreeFailed.stages.decree_failed.description>
  
  <!-- EN: decree satisfied -->
  <DecreeMet.stages.decree_satisfied.label>TODO</DecreeMet.stages.decree_satisfied.label>
  <!-- EN: My noble authority has been respected as it should be. -->
  <DecreeMet.stages.decree_satisfied.description>TODO</DecreeMet.stages.decree_satisfied.description>
  
  <!-- EN: disinherited -->
  <Disinherited.stages.disinherited.label>TODO</Disinherited.stages.disinherited.label>
  <!-- EN: I was disinherited of my title. Do I need to get medieval on these people? -->
  <Disinherited.stages.disinherited.description>TODO</Disinherited.stages.disinherited.description>
  
</LanguageData>