﻿<?xml version="1.0" encoding="UTF-8"?>
<LanguageData>
  
  <!-- EN: awful throneroom -->
  <ReignedInThroneroom.stages.awful_throneroom.label>TODO</ReignedInThroneroom.stages.awful_throneroom.label>
  <!-- EN: I had to reign in an awful throneroom. It's like a deliberate insult from my inferiors. -->
  <ReignedInThroneroom.stages.awful_throneroom.description>TODO</ReignedInThroneroom.stages.awful_throneroom.description>
  <!-- EN: dull throneroom -->
  <ReignedInThroneroom.stages.dull_throneroom.label>TODO</ReignedInThroneroom.stages.dull_throneroom.label>
  <!-- EN: I had to reign in a dull throneroom. It clearly diminished my stature. -->
  <ReignedInThroneroom.stages.dull_throneroom.description>TODO</ReignedInThroneroom.stages.dull_throneroom.description>
  <!-- EN: mediocre throneroom -->
  <ReignedInThroneroom.stages.mediocre_throneroom.label>TODO</ReignedInThroneroom.stages.mediocre_throneroom.label>
  <!-- EN: I had to reign in a mediocre throneroom. It didn't express my stature. -->
  <ReignedInThroneroom.stages.mediocre_throneroom.description>TODO</ReignedInThroneroom.stages.mediocre_throneroom.description>
  <!-- EN: very impressive throneroom -->
  <ReignedInThroneroom.stages.very_impressive_throneroom.label>TODO</ReignedInThroneroom.stages.very_impressive_throneroom.label>
  <!-- EN: I reigned in a very impressive throneroom. It expressed noticeable stature. -->
  <ReignedInThroneroom.stages.very_impressive_throneroom.description>TODO</ReignedInThroneroom.stages.very_impressive_throneroom.description>
  <!-- EN: extremely impressive throneroom -->
  <ReignedInThroneroom.stages.extremely_impressive_throneroom.label>TODO</ReignedInThroneroom.stages.extremely_impressive_throneroom.label>
  <!-- EN: I reigned in an extremely impressive throneroom. It effectively demonstrated my stature. -->
  <ReignedInThroneroom.stages.extremely_impressive_throneroom.description>TODO</ReignedInThroneroom.stages.extremely_impressive_throneroom.description>
  <!-- EN: unbelievably impressive throneroom -->
  <ReignedInThroneroom.stages.unbelievably_impressive_throneroom.label>TODO</ReignedInThroneroom.stages.unbelievably_impressive_throneroom.label>
  <!-- EN: I reigned in an unbelievably impressive throneroom. The commoners will be amazed at my highness. -->
  <ReignedInThroneroom.stages.unbelievably_impressive_throneroom.description>TODO</ReignedInThroneroom.stages.unbelievably_impressive_throneroom.description>
  <!-- EN: wondrously impressive throneroom -->
  <ReignedInThroneroom.stages.wondrously_impressive_throneroom.label>TODO</ReignedInThroneroom.stages.wondrously_impressive_throneroom.label>
  <!-- EN: I reigned in a heavenly throneroom. It matched my grace and nobility. -->
  <ReignedInThroneroom.stages.wondrously_impressive_throneroom.description>TODO</ReignedInThroneroom.stages.wondrously_impressive_throneroom.description>
  
</LanguageData>