﻿<?xml version="1.0" encoding="UTF-8"?>
<LanguageData>
  
  <!-- EN: Recieved {TITLE} title -->
  <GainedTitle.stages.Recieved_title.label>TODO</GainedTitle.stages.Recieved_title.label>
  <!-- EN: I have been given the title of {TITLE}. I love the recognition! -->
  <GainedTitle.stages.Recieved_title.description>TODO</GainedTitle.stages.Recieved_title.description>
  
  <!-- EN: Lost {TITLE} title -->
  <LostTitle.stages.Lost_title.label>TODO</LostTitle.stages.Lost_title.label>
  <!-- EN: I lost my {TITLE} title. -->
  <LostTitle.stages.Lost_title.description>TODO</LostTitle.stages.Lost_title.description>
  
  <!-- EN: want {TITLE}-quality apparel -->
  <TitleApparelMinQualityNotMet.stages.want_quality_apparel.label>TODO</TitleApparelMinQualityNotMet.stages.want_quality_apparel.label>
  <!-- EN: A {TITLE} like myself should only wear apparel of {QUALITY} quality or better. -->
  <TitleApparelMinQualityNotMet.stages.want_quality_apparel.description>TODO</TitleApparelMinQualityNotMet.stages.want_quality_apparel.description>
  
  <!-- EN: want {TITLE}-specific apparel -->
  <TitleApparelRequirementNotMet.stages.want_specific_apparel.label>TODO</TitleApparelRequirementNotMet.stages.want_specific_apparel.label>
  <!-- EN: A {TITLE} like myself should be covered in apparel appropriate to my stature:\n\n{0} -->
  <TitleApparelRequirementNotMet.stages.want_specific_apparel.description>TODO</TitleApparelRequirementNotMet.stages.want_specific_apparel.description>
  
  <!-- EN: undignified bedroom -->
  <TitleBedroomRequirementsNotMet.stages.undignified_bedroom.label>TODO</TitleBedroomRequirementsNotMet.stages.undignified_bedroom.label>
  <!-- EN: A {TITLE} like myself deserves a bedroom that meets these requirements:\n\n{0} -->
  <TitleBedroomRequirementsNotMet.stages.undignified_bedroom.description>TODO</TitleBedroomRequirementsNotMet.stages.undignified_bedroom.description>
  
  <!-- EN: no personal bedroom -->
  <TitleNoPersonalBedroom.stages.no_personal_bedroom.label>TODO</TitleNoPersonalBedroom.stages.no_personal_bedroom.label>
  <!-- EN: A {TITLE} should have a personal bedroom. -->
  <TitleNoPersonalBedroom.stages.no_personal_bedroom.description>TODO</TitleNoPersonalBedroom.stages.no_personal_bedroom.description>
  
  <!-- EN: no throne room -->
  <TitleNoThroneRoom.stages.no_throne_room.label>TODO</TitleNoThroneRoom.stages.no_throne_room.label>
  <!-- EN: What is a royal with no throneroom? -->
  <TitleNoThroneRoom.stages.no_throne_room.description>TODO</TitleNoThroneRoom.stages.no_throne_room.description>
  
  <!-- EN: undignified throneroom -->
  <TitleThroneroomRequirementsNotMet.stages.undignified_throneroom.label>TODO</TitleThroneroomRequirementsNotMet.stages.undignified_throneroom.label>
  <!-- EN: I am a {TITLE} and I should have these items in my throneroom:\n\n{0} -->
  <TitleThroneroomRequirementsNotMet.stages.undignified_throneroom.description>TODO</TitleThroneroomRequirementsNotMet.stages.undignified_throneroom.description>
  
</LanguageData>