﻿<?xml version="1.0" encoding="UTF-8"?>
<LanguageData>
  
  <!-- EN: artificial metabolism -->
  <ArtificialMetabolism.label>TODO</ArtificialMetabolism.label>
  <!-- EN: Craft bionics that process food more safely or efficiently than a biological stomach. -->
  <ArtificialMetabolism.description>TODO</ArtificialMetabolism.description>
  
  <!-- EN: brain wiring -->
  <BrainWiring.label>TODO</BrainWiring.label>
  <!-- EN: Craft brain implants that induce or prevent blunt sensations like joy or pain. -->
  <BrainWiring.description>TODO</BrainWiring.description>
  
  <!-- EN: circadian influence -->
  <CircadianInfluence.label>TODO</CircadianInfluence.label>
  <!-- EN: Craft brain implants that chemically manipulate the circadian rhythm, reducing or altering the need to sleep. -->
  <CircadianInfluence.description>TODO</CircadianInfluence.description>
  
  <!-- EN: compact weaponry -->
  <CompactWeaponry.label>TODO</CompactWeaponry.label>
  <!-- EN: Craft compact, concealable bionic weapons which can be embedded in various body parts. -->
  <CompactWeaponry.description>TODO</CompactWeaponry.description>
  
  <!-- EN: flesh shaping -->
  <FleshShaping.label>TODO</FleshShaping.label>
  <!-- EN: Craft bionics which induce the reshaping or natural flesh, usually for the purposes of aesthetic enhancement or personal pleasure. -->
  <FleshShaping.description>TODO</FleshShaping.description>
  
  <!-- EN: healing factors -->
  <HealingFactors.label>TODO</HealingFactors.label>
  <!-- EN: Craft bionics that enhance natural healing processes. -->
  <HealingFactors.description>TODO</HealingFactors.description>
  
  <!-- EN: molecular analysis -->
  <MolecularAnalysis.label>TODO</MolecularAnalysis.label>
  <!-- EN: Craft bionics with molecular analyzers for assisting the immune system or analyzing food. -->
  <MolecularAnalysis.description>TODO</MolecularAnalysis.description>
  
  <!-- EN: neural computation -->
  <NeuralComputation.label>TODO</NeuralComputation.label>
  <!-- EN: Craft brain implants that assist thought and learning by use of a direct, shallow brain-computer interface. -->
  <NeuralComputation.description>TODO</NeuralComputation.description>
  
  <!-- EN: skin hardening -->
  <SkinHardening.label>TODO</SkinHardening.label>
  <!-- EN: Craft bionic implants which induce the toughening of natural skin, producing an armor-like effect. -->
  <SkinHardening.description>TODO</SkinHardening.description>
  
  <!-- EN: specialized limbs -->
  <SpecializedLimbs.label>TODO</SpecializedLimbs.label>
  <!-- EN: Craft specialized bionic limbs built for specific purposes - both combat and labor. -->
  <SpecializedLimbs.description>TODO</SpecializedLimbs.description>
  
  <!-- EN: poison synthesis -->
  <VenomSynthesis.label>TODO</VenomSynthesis.label>
  <!-- EN: Craft bionics that synthesize venom from internal chemical reactors for use in toxifying attacks. -->
  <VenomSynthesis.description>TODO</VenomSynthesis.description>
  
</LanguageData>