﻿<?xml version="1.0" encoding="UTF-8"?>
<LanguageData>
  
  <!-- EN: cataphract armor -->
  <CataphractArmor.label>TODO</CataphractArmor.label>
  <!-- EN: Craft cataphract armor, heavy powered armor that slows the user but which can absorb extreme punishment. Note that these also require advanced components. -->
  <CataphractArmor.description>TODO</CataphractArmor.description>
  
  <!-- EN: noble apparel -->
  <NobleApparel.label>TODO</NobleApparel.label>
  <!-- EN: Tailor noble-specific apparel like ruffle shirts and royal robes. -->
  <NobleApparel.description>TODO</NobleApparel.description>
  
  <!-- EN: royal apparel -->
  <RoyalApparel.label>TODO</RoyalApparel.label>
  <!-- EN: Tailor royal apparel of the highest tier, like royal robes and crowns. -->
  <RoyalApparel.description>TODO</RoyalApparel.description>
  
</LanguageData>