﻿<?xml version="1.0" encoding="UTF-8"?>
<LanguageData>
  
  <!-- EN: drill arm -->
  <DrillArm.label>TODO</DrillArm.label>
  <!-- EN: An installed drill arm. -->
  <DrillArm.description>TODO</DrillArm.description>
  <!-- EN: drill -->
  <DrillArm.comps.HediffComp_VerbGiver.tools.drill.label>TODO</DrillArm.comps.HediffComp_VerbGiver.tools.drill.label>
  <!-- EN: a drill arm -->
  <DrillArm.labelNoun>TODO</DrillArm.labelNoun>
  
  <!-- EN: elbow blade -->
  <ElbowBlade.label>TODO</ElbowBlade.label>
  <!-- EN: An installed elbow blade. -->
  <ElbowBlade.description>TODO</ElbowBlade.description>
  <!-- EN: blade -->
  <ElbowBlade.comps.HediffComp_VerbGiver.tools.blade.label>TODO</ElbowBlade.comps.HediffComp_VerbGiver.tools.blade.label>
  <!-- EN: an elbow blade -->
  <ElbowBlade.labelNoun>TODO</ElbowBlade.labelNoun>
  
  <!-- EN: field hand -->
  <FieldHand.label>TODO</FieldHand.label>
  <!-- EN: An installed field hand. -->
  <FieldHand.description>TODO</FieldHand.description>
  <!-- EN: knuckle -->
  <FieldHand.comps.HediffComp_VerbGiver.tools.knuckle.label>TODO</FieldHand.comps.HediffComp_VerbGiver.tools.knuckle.label>
  <!-- EN: a field hand -->
  <FieldHand.labelNoun>TODO</FieldHand.labelNoun>
  
  <!-- EN: hand talon -->
  <HandTalon.label>TODO</HandTalon.label>
  <!-- EN: An installed hand talon. -->
  <HandTalon.description>TODO</HandTalon.description>
  <!-- EN: talon -->
  <HandTalon.comps.HediffComp_VerbGiver.tools.talon.label>TODO</HandTalon.comps.HediffComp_VerbGiver.tools.talon.label>
  <!-- EN: a hand talon -->
  <HandTalon.labelNoun>TODO</HandTalon.labelNoun>
  
  <!-- EN: knee spike -->
  <KneeSpike.label>TODO</KneeSpike.label>
  <!-- EN: An installed knee spike. -->
  <KneeSpike.description>TODO</KneeSpike.description>
  <!-- EN: spike -->
  <KneeSpike.comps.HediffComp_VerbGiver.tools.spike.label>TODO</KneeSpike.comps.HediffComp_VerbGiver.tools.spike.label>
  <!-- EN: a knee spike -->
  <KneeSpike.labelNoun>TODO</KneeSpike.labelNoun>
  
  <!-- EN: mindscrew -->
  <Mindscrew.label>TODO</Mindscrew.label>
  <!-- EN: An installed mindscrew. -->
  <Mindscrew.description>TODO</Mindscrew.description>
  <!-- EN: a mindscrew -->
  <Mindscrew.labelNoun>TODO</Mindscrew.labelNoun>
  
  <!-- EN: venom fangs -->
  <VenomFangs.label>TODO</VenomFangs.label>
  <!-- EN: An installed set of venom fangs. -->
  <VenomFangs.description>TODO</VenomFangs.description>
  <!-- EN: venom fangs -->
  <VenomFangs.comps.HediffComp_VerbGiver.tools.venom_fangs.label>TODO</VenomFangs.comps.HediffComp_VerbGiver.tools.venom_fangs.label>
  <!-- EN: a set of venom fangs -->
  <VenomFangs.labelNoun>TODO</VenomFangs.labelNoun>
  
  <!-- EN: venom talon -->
  <VenomTalon.label>TODO</VenomTalon.label>
  <!-- EN: An installed venom talon. -->
  <VenomTalon.description>TODO</VenomTalon.description>
  <!-- EN: venom talon -->
  <VenomTalon.comps.HediffComp_VerbGiver.tools.venom_talon.label>TODO</VenomTalon.comps.HediffComp_VerbGiver.tools.venom_talon.label>
  <!-- EN: a venom talon -->
  <VenomTalon.labelNoun>TODO</VenomTalon.labelNoun>
  
</LanguageData>