﻿<?xml version="1.0" encoding="UTF-8"?>
<LanguageData>
  
  <!-- EN: entropy link -->
  <EntropyLink.label>TODO</EntropyLink.label>
  <!-- EN: A psychic link with another individual. Gain or loss of neural heat incurred by one will be shared equally between both. -->
  <EntropyLink.description>TODO</EntropyLink.description>
  
  <!-- EN: psylink -->
  <PsychicAmplifier.label>TODO</PsychicAmplifier.label>
  <!-- EN: An organic connection to a larger psychic field. This allows a person to use specific psycasts that they have learned to influence reality in ways that seem impossible.\n\nHigher levels of psylink permit the use of more powerful psycasts. Regardless of psylink level, a person can only use specific psycasts that they have learned.\n\nPsylink comes from a variety of sources. Single-use psylink neuroformer devices can create a psylink. Tribal peoples also know how to develop it through ritual linking with psychically-connected lifeforms.\n\nAs a physical phenomenon in the brain, psylink is poorly-understood by scientists, not least because it seems to actively conceal itself if studied too closely. One thing most agree on is that it somehow connects people to archotechs and harnesses their power, possibly through some sort of negotiation or sympathy mechanism. -->
  <PsychicAmplifier.description>TODO</PsychicAmplifier.description>
  
  <!-- EN: psychic anesthesia -->
  <PsychicAnesthesia.label>TODO</PsychicAnesthesia.label>
  <!-- EN: Psychically-induced pain insensitivity. -->
  <PsychicAnesthesia.description>TODO</PsychicAnesthesia.description>
  
  <!-- EN: psychic blindness -->
  <PsychicBlindness.label>TODO</PsychicBlindness.label>
  <!-- EN: Psychically-induced partial blindness. -->
  <PsychicBlindness.description>TODO</PsychicBlindness.description>
  
  <!-- EN: psychic breakdown -->
  <PsychicBreakdown.label>TODO</PsychicBreakdown.label>
  <!-- EN: Deep psychic destabilization of the mind. Psychic breakdown last for days, causing mental disturbances of various kinds. It resolves itself with time. -->
  <PsychicBreakdown.description>TODO</PsychicBreakdown.description>
  <!-- EN: minor -->
  <PsychicBreakdown.stages.minor.label>TODO</PsychicBreakdown.stages.minor.label>
  <!-- EN: major -->
  <PsychicBreakdown.stages.major.label>TODO</PsychicBreakdown.stages.major.label>
  <!-- EN: total -->
  <PsychicBreakdown.stages.total.label>TODO</PsychicBreakdown.stages.total.label>
  
  <!-- EN: psychic burden -->
  <PsychicBurden.label>TODO</PsychicBurden.label>
  <!-- EN: Psychically-induced difficulty in locomotion. -->
  <PsychicBurden.description>TODO</PsychicBurden.description>
  
  <!-- EN: neural heat -->
  <PsychicEntropy.label>TODO</PsychicEntropy.label>
  <!-- EN: Despite being called "heat", neural heat is not a measure of temperature. It refers to a type of chaotic psychic energy in the mind which is built up when using psycasts and dissipates over the course of a few seconds or minutes.\n\nIf neural heat is pushed past normal limits, it may cause temporary psychic breakdown, psylink degradation and finally unconsciousness due to psychic shock. None of these conditions cause permanent damage, but they can knock someone unconscious for days. -->
  <PsychicEntropy.description>TODO</PsychicEntropy.description>
  <!-- EN: safe -->
  <PsychicEntropy.stages.safe.label>TODO</PsychicEntropy.stages.safe.label>
  <!-- EN: overloaded -->
  <PsychicEntropy.stages.overloaded.label>TODO</PsychicEntropy.stages.overloaded.label>
  <!-- EN: very overloaded -->
  <PsychicEntropy.stages.very_overloaded.label>TODO</PsychicEntropy.stages.very_overloaded.label>
  <!-- EN: extreme -->
  <PsychicEntropy.stages.extreme.label>TODO</PsychicEntropy.stages.extreme.label>
  <!-- EN: overwhelming -->
  <PsychicEntropy.stages.overwhelming.label>TODO</PsychicEntropy.stages.overwhelming.label>
  
  <!-- EN: psychic focus -->
  <PsychicFocus.label>TODO</PsychicFocus.label>
  <!-- EN: Psychically-induced mental focus, increasing sight, hearing and movement capactities. -->
  <PsychicFocus.description>TODO</PsychicFocus.description>
  
  <!-- EN: psychic invisibility -->
  <PsychicInvisibility.label>TODO</PsychicInvisibility.label>
  <!-- EN: Psychically-induced invisibility. This actually affects others nearby, making their brains unable to perceive the sight of this individual, even if the eyes are unaffected. -->
  <PsychicInvisibility.description>TODO</PsychicInvisibility.description>
  
  <!-- EN: psychic vertigo -->
  <PsychicVertigo.label>TODO</PsychicVertigo.label>
  <!-- EN: Psychically-induced loss of spatial orientation. This will cause flesh creatures to vomit. -->
  <PsychicVertigo.description>TODO</PsychicVertigo.description>
  
</LanguageData>