﻿<?xml version="1.0" encoding="UTF-8"?>
<LanguageData>
  
  <!-- EN: Some royal titles allow the holder to call for military aid. This can save you in a tough moment. -->
  <RoyaltyTips.TitleMilitaryAid>NL: Enkele nobiliteiten zullen de houder militaire steun verschaffen. Dit kan u in een panieksituatie redden. </RoyaltyTips.TitleMilitaryAid>
  <!-- EN: Nobles from the Empire will demand all the privileges of their title. Your own titled colonists will be more flexible, unless they are greedy or jealous. -->
  <RoyaltyTips.NoblesDemandPrivileges>NL: Nobelen uit het Empir zullen alle privileges bijkomstig hun titel claimen. Uw eigen benoemde kolonisten zullen flexibeler zijn, behalve wanneer ze inhalig zijn of jaloers. </RoyaltyTips.NoblesDemandPrivileges>
  <!-- EN: Royal powered armor and eltex apparel will also satisfy the apparel requirements of royal titles. -->
  <RoyaltyTips.RoyalArmor>NL: Adellijk krachtpantser en eltex kledij zullen ook voldoen aan de uiterlijke eisen van de nobiliteit. </RoyaltyTips.RoyalArmor>
  <!-- EN: If a royal title holder dies, their title goes to their chosen heir. -->
  <RoyaltyTips.TitleInheritance>NL: Wanneer een adellijke titelhouder sterft, zal hun titel toekomen aan de zelfgekozen opvolger. </RoyaltyTips.TitleInheritance>
  <!-- EN: You can change the heir of a royal title holder through the comms console. However, this requires completing a ritual. -->
  <RoyaltyTips.ChangeHeir>NL: U kunt de opvolger van een adellijke titelhouder veranderen via de comms console. Echter, hier is een ritueel voor nodig. </RoyaltyTips.ChangeHeir>
  <!-- EN: The Empire bestows a free psylink neuroformer upon anyone who earns the title required to use it. -->
  <RoyaltyTips.FreePsychicAmplifier>NL: Het Empir staat u toe vrij een psylink neurovormer neer te leggen naar een ieder welk; de titel behaald, benodigd deze te gebruiken. </RoyaltyTips.FreePsychicAmplifier>
  <!-- EN: The Empire restricts usage of certain implants to those with specific royal titles. Using them illegally may lead to diplomatic consequences with the Empire. -->
  <RoyaltyTips.IllegalImplantUse>NL: Het Empir beperkt gebruik van bepaalde implantaten naar hen met specifieke adellijke titels. Illegaal gebruik heeft mogelijke diplomatieke gevolgen. </RoyaltyTips.IllegalImplantUse>
  <!-- EN: Gaining a new level of psylink grants knowledge of one psycast. -->
  <RoyaltyTips.InstallingPsychicAmplifier>NL: Een nieuw level psylink geeft kennis van één psyworp. </RoyaltyTips.InstallingPsychicAmplifier>
  <!-- EN: Psycasts can give you significant advantage in combat. -->
  <RoyaltyTips.PsycastAdvantage>NL: Psyworpen kunnen u een flink voordeel opleveren in gevecht. </RoyaltyTips.PsycastAdvantage>
  <!-- EN: Performing a psycast on an ally will harm faction relations - but only if the psycast has negative effects. -->
  <RoyaltyTips.PsycastFactionRelations>Een psyworp op een bondgenoot zal relaties met fracties schaden - maar alleen wanneer de psyworp negatieve effecten heeft. </RoyaltyTips.PsycastFactionRelations>
  <!-- EN: The invisibility psycast's effect doesn't wear off when you attack. -->
  <RoyaltyTips.PsycastInvisibility>NL: Het onzichtbaarheid psywerp effect neemt niet af als u aanvalt. </RoyaltyTips.PsycastInvisibility>
  <!-- EN: Going over your neural heat limit can save you in a desperate situation - but the psychic breakdown can last a while. -->
  <RoyaltyTips.PsychicEntropyLimit>NL: Over uw neurale hitte limiet gaan, kan u redden in een panieksituatie - maar de psy afbraak zou even kunnen duren. </RoyaltyTips.PsychicEntropyLimit>
  <!-- EN: Creatures with higher psychic sensitivity are affected more by psycasts. -->
  <RoyaltyTips.PsycastSensitivity>NL: Schepsels met een hogere psychische sensitiviteit worden meer aangetast door psyworpen. </RoyaltyTips.PsycastSensitivity>
  <!-- EN: Dressing your psycasters in eltex gear will increase their neural heat limit and dissipation rate. -->
  <RoyaltyTips.EltexGear>NL: Uw psywerpers in eltex bepakking, zal hun neurale hitte limiet en verdamping snelheid verhogen. </RoyaltyTips.EltexGear>
  <!-- EN: When fighting a mech cluster, try shooting their power cells. They explode, dealing heavy damage to surrounding creatures and structures. -->
  <RoyaltyTips.MechClusterPowercell>NL: Wanneer u een mech cluster bevecht, probeer dan op de krachtcellen te schieten. Ze exploderen, doen hevige schade aan de hen omringende schepsels en gebouwen. </RoyaltyTips.MechClusterPowercell>
  <!-- EN: Some mech clusters remain dormant until disturbed. Use that time to prepare your attack. -->
  <RoyaltyTips.MechClusterDormant>NL: Sommige mech clusters blijven sluimerend liggen tot zij gestoord worden. Gebruik deze tijd om uw aanval voor te bereiden. </RoyaltyTips.MechClusterDormant>
  <!-- EN: The Imperial royal tribute collector arrives twice per year, and accepts prisoners and gold in exchange for royal favor. -->
  <RoyaltyTips.RoyalTributeCollector>NL: De Keizerlijke toltrouille arriveert twee maal per jaar, zij accepteren gevangenen en goud in ruil voor hun adellijke gunst. </RoyaltyTips.RoyalTributeCollector>
  <!-- EN: You can safely walk right past a dormant mech cluster, as long as you don't attack it or trigger a proximity activator. -->
  <RoyaltyTips.MechClusterDormantTrigger>NL: U kunt veilig richting een sluimerend mech cluster lopen, mits u niet aanvalt of een korte-afstand activator af laat gaan. </RoyaltyTips.MechClusterDormantTrigger>
  <!-- EN: The skip psycast works on self, allies, enemies, and even items. The tactical possibilities are endless. -->
  <RoyaltyTips.SkipPsycastsMultiuse>NL: De sla over psyworp werkt op de zelf, uw bondgenoten, uw vijanden en zelfs op spulletjes. De tactische mogelijkheden zijn eindeloos. </RoyaltyTips.SkipPsycastsMultiuse>
  
</LanguageData>