﻿<?xml version="1.0" encoding="UTF-8"?>
<LanguageData>
  
  <!-- EN: Some royal titles allow the holder to call for military aid. This can save you in a tough moment. -->
  <RoyaltyTips.TitleMilitaryAid>TODO</RoyaltyTips.TitleMilitaryAid>
  <!-- EN: Nobles from the Empire will demand all the privileges of their title. Your own titled colonists will be more flexible, unless they are greedy or jealous. -->
  <RoyaltyTips.NoblesDemandPrivileges>TODO</RoyaltyTips.NoblesDemandPrivileges>
  <!-- EN: Royal powered armor and eltex apparel will also satisfy the apparel requirements of royal titles. -->
  <RoyaltyTips.RoyalArmor>TODO</RoyaltyTips.RoyalArmor>
  <!-- EN: If a royal title holder dies, their title goes to their chosen heir. -->
  <RoyaltyTips.TitleInheritance>TODO</RoyaltyTips.TitleInheritance>
  <!-- EN: You can change the heir of a royal title holder through the comms console. However, this requires completing a ritual. -->
  <RoyaltyTips.ChangeHeir>TODO</RoyaltyTips.ChangeHeir>
  <!-- EN: The Empire bestows a free psylink neuroformer upon anyone who earns the title required to use it. -->
  <RoyaltyTips.FreePsychicAmplifier>TODO</RoyaltyTips.FreePsychicAmplifier>
  <!-- EN: The Empire restricts usage of certain implants to those with specific royal titles. Using them illegally may lead to diplomatic consequences with the Empire. -->
  <RoyaltyTips.IllegalImplantUse>TODO</RoyaltyTips.IllegalImplantUse>
  <!-- EN: Gaining a new level of psylink grants knowledge of one psycast. -->
  <RoyaltyTips.InstallingPsychicAmplifier>TODO</RoyaltyTips.InstallingPsychicAmplifier>
  <!-- EN: Psycasts can give you significant advantage in combat. -->
  <RoyaltyTips.PsycastAdvantage>TODO</RoyaltyTips.PsycastAdvantage>
  <!-- EN: Performing a psycast on an ally will harm faction relations - but only if the psycast has negative effects. -->
  <RoyaltyTips.PsycastFactionRelations>TODO</RoyaltyTips.PsycastFactionRelations>
  <!-- EN: The invisibility psycast's effect doesn't wear off when you attack. -->
  <RoyaltyTips.PsycastInvisibility>TODO</RoyaltyTips.PsycastInvisibility>
  <!-- EN: Going over your neural heat limit can save you in a desperate situation - but the psychic breakdown can last a while. -->
  <RoyaltyTips.PsychicEntropyLimit>TODO</RoyaltyTips.PsychicEntropyLimit>
  <!-- EN: Creatures with higher psychic sensitivity are affected more by psycasts. -->
  <RoyaltyTips.PsycastSensitivity>TODO</RoyaltyTips.PsycastSensitivity>
  <!-- EN: Dressing your psycasters in eltex gear will increase their neural heat limit and dissipation rate. -->
  <RoyaltyTips.EltexGear>TODO</RoyaltyTips.EltexGear>
  <!-- EN: When fighting a mech cluster, try shooting their power cells. They explode, dealing heavy damage to surrounding creatures and structures. -->
  <RoyaltyTips.MechClusterPowercell>TODO</RoyaltyTips.MechClusterPowercell>
  <!-- EN: Some mech clusters remain dormant until disturbed. Use that time to prepare your attack. -->
  <RoyaltyTips.MechClusterDormant>TODO</RoyaltyTips.MechClusterDormant>
  <!-- EN: The Imperial royal tribute collector arrives twice per year, and accepts prisoners and gold in exchange for royal favor. -->
  <RoyaltyTips.RoyalTributeCollector>TODO</RoyaltyTips.RoyalTributeCollector>
  <!-- EN: You can safely walk right past a dormant mech cluster, as long as you don't attack it or trigger a proximity activator. -->
  <RoyaltyTips.MechClusterDormantTrigger>TODO</RoyaltyTips.MechClusterDormantTrigger>
  <!-- EN: The skip psycast works on self, allies, enemies, and even items. The tactical possibilities are endless. -->
  <RoyaltyTips.SkipPsycastsMultiuse>TODO</RoyaltyTips.SkipPsycastsMultiuse>
  
</LanguageData>