﻿<?xml version="1.0" encoding="UTF-8"?>
<LanguageData>
  
  <!-- EN: baron -->
  <Baron.label>TODO</Baron.label>
  <!-- EN: The title of baron is the lowest of the middle nobility. While lower titles focus on personal service at war or commerce under a lord, barons hold title as semi-independent rulers. Each baron is subordinate to his liege lord, but his obligations are mostly in supplying wealth and troops, and not in personal service.\n\nIn the Empire, a baron will typically own a city sector, mining colony, or similar outfit. At wartime, a baron may captain a capital ship in name, or control a regiment of troops. -->
  <Baron.description>TODO</Baron.description>
  <!-- EN: baroness -->
  <Baron.labelFemale>TODO</Baron.labelFemale>
  
  <!-- EN: consul -->
  <Consul.label>TODO</Consul.label>
  <!-- EN: The Imperial title of consul is a lower level of high nobility.\n\nIn the Empire, consuls control planets. At war, a consul can usually field an army-sized force of multiple divisions, supported by several fleets. Some command from a super-capital ship or control space-based megastructures. -->
  <Consul.description>TODO</Consul.description>
  
  <!-- EN: count -->
  <Count.label>TODO</Count.label>
  <!-- EN: The title of count is the middle rank of middle nobility.\n\nIn peacetime, counts hold title to a city or colony, and might have a small personal fleet, possibly including capital ships. -->
  <Count.description>TODO</Count.description>
  <!-- EN: countess -->
  <Count.labelFemale>TODO</Count.labelFemale>
  
  <!-- EN: duke -->
  <Duke.label>TODO</Duke.label>
  <!-- EN: The Imperial title of duke is the highest of the middle nobility.\n\nIn the Empire, dukes control provinces, mega-cities, or moons. At war, a duke can field a division-level force, or a fleet with capital ships and dozens of support craft. -->
  <Duke.description>TODO</Duke.description>
  <!-- EN: duchess -->
  <Duke.labelFemale>TODO</Duke.labelFemale>
  
  <!-- EN: emperor -->
  <Emperor.label>TODO</Emperor.label>
  <!-- EN: The Imperial title of emperor indicates sovereign dominion over the entire Empire, all its peoples, planets, and fleets. All other lords swear fealty to a high lord, while the Emperor swears fealty to no one. However, even the Emperor depends on the support of lower nobles to remain in power. -->
  <Emperor.description>TODO</Emperor.description>
  <!-- EN: empress -->
  <Emperor.labelFemale>TODO</Emperor.labelFemale>
  
  <!-- EN: acolyte -->
  <Esquire.label>TODO</Esquire.label>
  <!-- EN: The title of acolyte is the first title of noble duty, an encompasses a wide range of practical positions. Some acolytes are purely students, learning to lead troops, manage societies, or use psycasts in specialized schools. Others come from wealthy families and might own city buildings or farm complexes.\n\nDuring wartime, an acolyte might lead a platoon of troops, captain a small frigate, or serve their lord as an advisor.\n\nTheir low rank within the nobility makes them paradoxically less useful as diplomats than yeomen. Sending a low-ranked acolyte to a negotiation can itself be seen as an insult, whereas a non-noble yeoman negotiator is seen only as the mouthpiece of his lord. -->
  <Esquire.description>TODO</Esquire.description>
  
  <!-- EN: freeholder -->
  <Freeholder.label>TODO</Freeholder.label>
  <!-- EN: The Imperial title of freeholder is used by the Empire to signifies a fully-respected individual. Most Imperial citizens earn it while young through volunteer work or military service. The title is also offered to outsiders who act with honor in the eyes of the Empire. -->
  <Freeholder.description>TODO</Freeholder.description>
  
  <!-- EN: knight -->
  <Knight.label>TODO</Knight.label>
  <!-- EN: The title of knight is held by nobles who have largely passed their training, but who have not ascended to higher leadership roles. Many knights never advance further, and spend their lives as respected managers, advisors, or warriors.\n\nMost knights have some wealth, but a few remain quite poor while others may be very rich.\n\nIn peacetime, a knight may manage a factory complex, commercial district, or small farming region. In war, some knights lead troop companies and assault squadrons, while psychic-focused knights engage in espionage, sabotage, and battlefield psychic combat. -->
  <Knight.description>TODO</Knight.description>
  <!-- EN: dame -->
  <Knight.labelFemale>TODO</Knight.labelFemale>
  
  <!-- EN: praetor -->
  <Praetor.label>TODO</Praetor.label>
  <!-- EN: The title of praetor is a bridge between the service-oriented lower titles below and the power-holding nobility above.\n\nDuring peacetime, a prateor will usually manage a city district, asteroid sector, or agricultural region. During war, they take authority over the smallest combat units that fight independently - terrestrial troop cohorts, or space-borne destroyers or combat groups. -->
  <Praetor.description>TODO</Praetor.description>
  
  <!-- EN: stellarch -->
  <Stellarch.label>TODO</Stellarch.label>
  <!-- EN: The Imperial title of stellarch represents dominion over an entire star system.\n\nIn the Empire, since interstellar travel times are years long, stellarchs rule their systems with a great degree of independence. They each swear fealty to the Emperor, but since the Emperor may be many light-years away, a stellarch may go years or decades without interacting with him. -->
  <Stellarch.description>TODO</Stellarch.description>
  
  <!-- EN: yeoman -->
  <Yeoman.label>TODO</Yeoman.label>
  <!-- EN: The Imperial title of yeoman is held by those who serve a noble lord in an important, specific way. While it is not a noble title, it does give the holder the right to use low-level psychic abilities.\n\nThis title is often held by senior soldiers, warskiff pilots, spies, advisors, diplomats, intrusion operatives, and other key individuals. Many important people spend their entire lives as yeomen, seeking success outside the strictures of nobility. -->
  <Yeoman.description>TODO</Yeoman.description>
  
</LanguageData>