﻿<?xml version="1.0" encoding="UTF-8"?>
<LanguageData>
  
  <!-- EN: harp -->
  <Harp.label>TODO</Harp.label>
  <!-- EN: Craft the harp, a simple stationary musical instrument popular among nobility in some cultures. -->
  <Harp.description>TODO</Harp.description>
  
  <!-- EN: harpsichord -->
  <Harpsichord.label>TODO</Harpsichord.label>
  <!-- EN: Craft the harpsichord, a complex stationary musical instrument. -->
  <Harpsichord.description>TODO</Harpsichord.description>
  
  <!-- EN: piano -->
  <Piano.label>TODO</Piano.label>
  <!-- EN: Craft the piano, an advanced stationary musical instrument. -->
  <Piano.description>TODO</Piano.description>
  
</LanguageData>