﻿<?xml version="1.0" encoding="UTF-8"?>
<LanguageData>
  
  <!-- EN: call cataphract squad -->
  <CallMilitaryAidGrand.label>TODO</CallMilitaryAidGrand.label>
  
  <!-- EN: call janissary squad -->
  <CallMilitaryAidLarge.label>TODO</CallMilitaryAidLarge.label>
  
  <!-- EN: call trooper squad -->
  <CallMilitaryAidSmall.label>TODO</CallMilitaryAidSmall.label>
  
  <!-- EN: trade with caravans -->
  <TradeCaravan.label>TODO</TradeCaravan.label>
  
  <!-- EN: trade with orbital traders -->
  <TradeOrbital.label>TODO</TradeOrbital.label>
  
  <!-- EN: trade with settlements -->
  <TradeSettlement.label>TODO</TradeSettlement.label>
  
</LanguageData>