﻿<?xml version="1.0" encoding="UTF-8"?>
<LanguageData>
  
  <!-- EN: attended concert -->
  <AttendedConcert.label>TODO</AttendedConcert.label>
  <!-- EN:
    <li>tale_noun->[ATTENDER_nameDef] attending [ORGANIZER_nameDef]'s concert</li>
    <li>tale_noun->[ATTENDER_nameDef] listening to [ORGANIZER_nameDef]'s performance</li>
    <li>image->[ATTENDER_nameFull] listening quietly, [circumstance_group]</li>
    <li>image->[ATTENDER_nameFull] enjoying [ORGANIZER_nameFull]'s performance [circumstance_group]</li>
    <li>image->[ATTENDER_nameFull] swaying to the music [circumstance_group]</li>
    <li>image->[ATTENDER_nameFull] absorbed in the sound [circumstance_group]</li>
    <li>circumstance_phrase->while clapping</li>
    <li>desc_sentence->[Quantity_adjphrase] [PersonJob]s dance along.</li>
    <li>desc_sentence->[Quantity_adjphrase] [Animal]s listen attentively.</li>
  -->
  <AttendedConcert.rulePack.rulesStrings>TODO</AttendedConcert.rulePack.rulesStrings>
  
  <!-- EN: held concert -->
  <HeldConcert.label>TODO</HeldConcert.label>
  <!-- EN:
    <li>tale_noun->[ORGANIZER_nameDef] performing a concert</li>
    <li>image->[ORGANIZER_nameFull] playing their signature song [circumstance_group]</li>
    <li>image->[ORGANIZER_nameFull] inviting the crowd to sing along</li>
    <li>image->[ORGANIZER_nameFull] playing an inspiring song</li>
    <li>image->[ORGANIZER_nameFull] performing a difficult piece [circumstance_group]</li>
    <li>circumstance_phrase->with an intense expression</li>
    <li>desc_sentence->[Quantity_adjphrase] [PersonJob]s listen nearby.</li>
    <li>desc_sentence->[Quantity_adjphrase] [Animal]s listen nearby.</li>
  -->
  <HeldConcert.rulePack.rulesStrings>TODO</HeldConcert.rulePack.rulesStrings>
  
</LanguageData>