﻿<?xml version="1.0" encoding="UTF-8"?>
<LanguageData>
  
  <!-- EN: raid source -->
  <RaidSource.label>TODO</RaidSource.label>
  <!-- EN: A guarded military staging area which sends periodic raids. -->
  <RaidSource.description>TODO</RaidSource.description>
  <!-- EN: Attacking {0} -->
  <RaidSource.approachingReportString>TODO</RaidSource.approachingReportString>
  <!-- EN: Attack {0} -->
  <RaidSource.approachOrderString>TODO</RaidSource.approachOrderString>
  <!-- EN: There is an enemy outpost in this area. -->
  <RaidSource.arrivedLetter>TODO</RaidSource.arrivedLetter>
  
</LanguageData>