﻿<?xml version="1.0" encoding="UTF-8"?>
<LanguageData>
  
  <!-- EN: shattered empire -->
  <Empire.label>TODO</Empire.label>
  <!-- EN: An ultratech refugee society from another planet, organized along feudal lines.\n\nThey lived for thousands of years in a stable multi-planet empire with a strict caste system, an intricate code of warrior ethics, and enforced cultural stasis. Invaded by powerful outsiders, they fled. Despite losing almost all of their people, their fleet and technology still make them powerful.\n\nThey will refuse to trade with anyone who lacks the appropriate royal title. -->
  <Empire.description>TODO</Empire.description>
  <!-- EN: high stellarch -->
  <Empire.leaderTitle>TODO</Empire.leaderTitle>
  <!-- EN: imperial -->
  <Empire.pawnSingular>TODO</Empire.pawnSingular>
  <!-- EN: imperials -->
  <Empire.pawnsPlural>TODO</Empire.pawnsPlural>
  <!-- EN: royal favor -->
  <Empire.royalFavorLabel>TODO</Empire.royalFavorLabel>
  
</LanguageData>