﻿<?xml version="1.0" encoding="UTF-8"?>
<LanguageData>
  
  <!-- EN: imperial citizen -->
  <Empire_Common_Lodger.label>TODO</Empire_Common_Lodger.label>
  
  <!-- EN: imperial trader -->
  <Empire_Common_Trader.label>TODO</Empire_Common_Trader.label>
  
  <!-- EN: cataphract -->
  <Empire_Fighter_Cataphract.label>TODO</Empire_Fighter_Cataphract.label>
  
  <!-- EN: champion -->
  <Empire_Fighter_Champion.label>TODO</Empire_Fighter_Champion.label>
  
  <!-- EN: janissary -->
  <Empire_Fighter_Janissary.label>TODO</Empire_Fighter_Janissary.label>
  
  <!-- EN: stellic warden -->
  <Empire_Fighter_StellicGuardMelee.label>TODO</Empire_Fighter_StellicGuardMelee.label>
  
  <!-- EN: stellic defender -->
  <Empire_Fighter_StellicGuardRanged.label>TODO</Empire_Fighter_StellicGuardRanged.label>
  
  <!-- EN: trooper -->
  <Empire_Fighter_Trooper.label>TODO</Empire_Fighter_Trooper.label>
  
  <!-- EN: baron -->
  <Empire_Royal_Baron.label>TODO</Empire_Royal_Baron.label>
  <!-- EN: baroness -->
  <Empire_Royal_Baron.labelFemale>TODO</Empire_Royal_Baron.labelFemale>
  
  <!-- EN: consul -->
  <Empire_Royal_Consul.label>TODO</Empire_Royal_Consul.label>
  
  <!-- EN: count -->
  <Empire_Royal_Count.label>TODO</Empire_Royal_Count.label>
  <!-- EN: countess -->
  <Empire_Royal_Count.labelFemale>TODO</Empire_Royal_Count.labelFemale>
  
  <!-- EN: duke -->
  <Empire_Royal_Duke.label>TODO</Empire_Royal_Duke.label>
  <!-- EN: duchess -->
  <Empire_Royal_Duke.labelFemale>TODO</Empire_Royal_Duke.labelFemale>
  
  <!-- EN: acolyte -->
  <Empire_Royal_Esquire.label>TODO</Empire_Royal_Esquire.label>
  
  <!-- EN: knight -->
  <Empire_Royal_Knight.label>TODO</Empire_Royal_Knight.label>
  <!-- EN: dame -->
  <Empire_Royal_Knight.labelFemale>TODO</Empire_Royal_Knight.labelFemale>
  
  <!-- EN: noble -->
  <Empire_Royal_NobleWimp.label>TODO</Empire_Royal_NobleWimp.label>
  
  <!-- EN: praetor -->
  <Empire_Royal_Praetor.label>TODO</Empire_Royal_Praetor.label>
  
  <!-- EN: stellarch -->
  <Empire_Royal_Stellarch.label>TODO</Empire_Royal_Stellarch.label>
  
  <!-- EN: yeoman -->
  <Empire_Royal_Yeoman.label>TODO</Empire_Royal_Yeoman.label>
  
</LanguageData>