﻿<?xml version="1.0" encoding="UTF-8"?>
<LanguageData>
  
  <!-- EN: anne -->
  <Anne.label>TODO</Anne.label>
  
  <!-- EN: artist -->
  <Artist.label>TODO</Artist.label>
  
  <!-- EN: elisabeth -->
  <Elisabeth.label>TODO</Elisabeth.label>
  
  <!-- EN: henry -->
  <Henry.label>TODO</Henry.label>
  
  <!-- EN: jane -->
  <Jane.label>TODO</Jane.label>
  
  <!-- EN: lisa -->
  <Lisa.label>TODO</Lisa.label>
  
  <!-- EN: mary -->
  <Mary.label>TODO</Mary.label>
  
  <!-- EN: richard -->
  <Richard.label>TODO</Richard.label>
  
  <!-- EN: stephen -->
  <Stephen.label>TODO</Stephen.label>
  
  <!-- EN: victoria -->
  <Victoria.label>TODO</Victoria.label>
  
  <!-- EN: william -->
  <William.label>TODO</William.label>
  
</LanguageData>